Date,AAPL,MSFT,GOOG,AMZN,NVDA,META,TSLA,PEP,AVGO,COST,CSCO,ADBE,NFLX,TMUS,TXN,CMCSA,QCOM,INTC,HON,AMD,AMGN,INTU,ISRG,BKNG,MDLZ,ADI,LRCX,VRTX,MU,AMAT,SBUX,GILD,ADP,PANW,CSX,REGN,MNST,KLAC,MAR,NXPI,ORLY,ADSK,MCHP,AEP,KDP,SNPS,FTNT,IDXX,LULU,EXC,CTAS,PAYX,XEL,PCAR,ODFL,VRSK,WBA,CDNS,AZN,DLTR,EBAY,BIIB,ROST,CHTR,FAST,ANSS,MRVL,WDAY,BKR,VRSN,CTSH,SWKS,EA,BIDU,ALGN,MELI,JD,NTES,ASML,DXCM,CPRT
2000-01-31 00:00:00+00:00,,,,,,,,,,,,,,,,,,,,,,,,,,,,,,,,,,,,,,,,,,,,,,,,,,,,,,,,,,,,,,,,,,,,,,,,,,,,,,,,,
2000-02-29 00:00:00+00:00,,,,,,,,,,,,,,,,,,,,,,,,,,,,,,,,,,,,,,,,,,,,,,,,,,,,,,,,,,,,,,,,,,,,,,,,,,,,,,,,,
2000-03-31 00:00:00+00:00,,,,,,,,,,,,,,,,,,,,,,,,,,,,,,,,,,,,,,,,,,,,,,,,,,,,,,,,,,,,,,,,,,,,,,,,,,,,,,,,,
2000-04-30 00:00:00+00:00,,,,,,,,,,,,,,,,,,,,,,,,,,,,,,,,,,,,,,,,,,,,,,,,,,,,,,,,,,,,,,,,,,,,,,,,,,,,,,,,,
2000-05-31 00:00:00+00:00,,,,,1.0,,,26.0,,,22.0,5.0,,,9.0,,,19.0,,2.0,,,,,,6.0,,4.0,3.0,15.0,14.0,,28.0,,,7.0,,,27.0,,,16.0,13.0,30.0,,,,11.0,,24.0,18.0,20.0,29.0,,,,33.0,,31.0,23.0,,,17.0,,10.0,25.0,,,12.0,,21.0,8.0,,,,,,,32.0,,
2000-06-30 00:00:00+00:00,,,,,1.0,,,6.0,,,21.0,5.0,,,18.0,,,20.0,,3.0,,,,,,8.0,,11.0,2.0,29.0,25.0,,13.0,,,15.0,,,10.0,,,24.0,31.0,22.0,,,,19.0,,26.0,9.0,12.0,16.0,,,,,,7.0,4.0,,,27.0,,17.0,23.0,,,14.0,,28.0,30.0,,,,,,,,,
2000-07-31 00:00:00+00:00,,,,,,,,8.0,,,,3.0,,,,,,11.0,,4.0,,,,,,,,1.0,5.0,,18.0,,7.0,,,,,,6.0,,,,,15.0,,,,,,14.0,13.0,2.0,10.0,,,,,,9.0,12.0,,,,,17.0,,,,16.0,,,,,,,,,,,,
2000-08-31 00:00:00+00:00,,,,,,,,11.0,,,,,,,,,,10.0,,,,,2.0,,,,,1.0,6.0,,,,,,,,,,8.0,,,,,,,,,,,7.0,12.0,5.0,3.0,,,,4.0,,,,,,,,,,,,9.0,,,,,,,,,,,,
2000-09-30 00:00:00+00:00,,,,,10.0,,,,,,,,,,,,,,,,,1.0,5.0,,,,,3.0,,,,4.0,7.0,,,,13.0,,14.0,,,,,,,,,,,6.0,,,9.0,,,,12.0,11.0,,,,2.0,,,,,8.0,,16.0,,,,15.0,,,,,,,,
2000-10-31 00:00:00+00:00,,,,,,,,,,,,,,,,,,,2.0,,,8.0,,,,11.0,,6.0,,,,16.0,10.0,,,,14.0,,,,,,,7.0,,,,,,5.0,,,15.0,,,,3.0,4.0,,,,1.0,,,,,13.0,,12.0,,,,9.0,,,,,,,,
2000-11-30 00:00:00+00:00,,,,,,,,13.0,,,,4.0,,,,,5.0,,1.0,,,12.0,,,,,,11.0,,,,,10.0,,,,,,,,,,,2.0,,,,,,3.0,,7.0,,,,,8.0,6.0,14.0,,,9.0,,,,,,,,,,,,,,,,,,,
2000-12-31 00:00:00+00:00,,,,,,,,,,,,,,,,,6.0,,11.0,,,,,,,,,,,,9.0,,,,4.0,,,,,,1.0,,,10.0,,,,,,12.0,7.0,,13.0,3.0,,,8.0,,,,,5.0,2.0,,,,,,,,,,,,,,,,,,
2001-01-31 00:00:00+00:00,,,,,,,,,,,,,,,,,,,,,,,,,,,,,,,10.0,,,,4.0,,,,7.0,,6.0,2.0,,11.0,,1.0,,,,12.0,8.0,,13.0,5.0,,,,,,,,,3.0,,,,,,,,,,,,,,,,,,9.0
2001-02-28 00:00:00+00:00,,,,,,,,,,7.0,,,,,,,,,,,,,,,,,,,9.0,,,,,,2.0,10.0,,,6.0,,5.0,1.0,,,,4.0,,,,,,,,11.0,,,,,,,,,3.0,,,,,,8.0,,,,,,,,,,,,12.0
2001-03-31 00:00:00+00:00,10.0,,,,,,,,,,,,,,,12.0,,,,3.0,,,,,,,11.0,,4.0,9.0,,,,,2.0,,,6.0,,,,5.0,,7.0,,14.0,,,,,,,,,,,,,,,,,13.0,,,8.0,,,16.0,,,,1.0,,,,,,,,15.0
2001-04-30 00:00:00+00:00,3.0,,,,1.0,,,,,,,,,,,,,,,,,,,,,,,,,,,,,,5.0,,,,,,,,,6.0,,,,,,,,,,,,,,,,,,,,,,2.0,,,,,,,4.0,,,,,,,,
2001-05-31 00:00:00+00:00,7.0,,,,2.0,,,,,,,,,,,,,,,,,,,,,,,,,,,1.0,,,5.0,,,,,,,,,6.0,,,,,,9.0,,,10.0,,,,,,,,,,,,,4.0,,,,,,,8.0,,,,,,,,3.0
2001-06-30 00:00:00+00:00,,16.0,,2.0,20.0,,,,,,,19.0,,,,,,,,4.0,,,,1.0,,,,,,5.0,,6.0,,,21.0,,,10.0,13.0,,9.0,,,23.0,,,,18.0,,,22.0,,,,14.0,,,,,,3.0,,17.0,,11.0,8.0,,,,,,15.0,12.0,,,,,,,,7.0
2001-07-31 00:00:00+00:00,,,,,16.0,,,18.0,,9.0,,,,,,,,,,,,,3.0,1.0,,,,6.0,,,,22.0,,,,,,,21.0,,4.0,,,,,,,19.0,,,14.0,20.0,,8.0,12.0,,,,,11.0,15.0,17.0,13.0,,,7.0,10.0,,,,,2.0,,,,,,,,,5.0
2001-08-31 00:00:00+00:00,,,,,,,,,,11.0,,,,,,,,,,,,,9.0,1.0,8.0,,,,,,,,,,,,4.0,,10.0,,5.0,,2.0,,,,,,,,12.0,,,7.0,,,,,,,,,,,,6.0,,,,,,3.0,,,,,,,,,
2001-09-30 00:00:00+00:00,,,,,,,,,,,,,,,,,,,,,,,,,3.0,,,,,,,,,,,,4.0,,,,,,2.0,,,,,,,,,,,5.0,,,,,,,,,,,,1.0,,,,,,,,,,,,,,,
2001-10-31 00:00:00+00:00,,,,,,,,3.0,,,,,,,,,,,,,,,,,2.0,,,,,,,,,,,,,,,,,,,,,,,,,,,,,,,,,,,,,,1.0,,,,,,,,,,,,,,,,,,
2001-11-30 00:00:00+00:00,,,,,,,,3.0,,,,,,,,,,,,,,2.0,,,5.0,,,,,,,1.0,,,,,,,,,,,,,,,,,,,,,4.0,,,,,,,,,,,,,,,,,,,,,,,,,,,,
2001-12-31 00:00:00+00:00,3.0,,,,2.0,,,,,9.0,,,,,,,,,,,,8.0,,,,,,,,,,12.0,7.0,,,,,,,,,,,,,6.0,,13.0,,,,,,4.0,,,,14.0,,,,11.0,,,,5.0,1.0,,,,,,,,,,,,,,10.0
2002-01-31 00:00:00+00:00,8.0,36.0,,2.0,6.0,,,,,24.0,14.0,,,,,,,21.0,,11.0,,,,1.0,,,25.0,,4.0,22.0,3.0,,35.0,,28.0,23.0,29.0,10.0,20.0,,33.0,17.0,32.0,,,31.0,,,,,15.0,38.0,,30.0,12.0,,,,,13.0,37.0,26.0,7.0,,16.0,19.0,5.0,,,,18.0,,,,,,,9.0,27.0,,34.0
2002-02-28 00:00:00+00:00,15.0,,,1.0,18.0,,,,,,,,,,,,,,,14.0,,,,,,,22.0,,6.0,7.0,4.0,,,,24.0,,20.0,3.0,21.0,,,5.0,23.0,,,,,,,16.0,9.0,,,12.0,13.0,,,,,19.0,,,8.0,,11.0,,10.0,,,,17.0,,,,,,,2.0,,,
2002-03-31 00:00:00+00:00,14.0,,,1.0,,,,18.0,,,,,,,,,,,,,,,,,8.0,,,,6.0,4.0,16.0,,,,,,,5.0,,,,15.0,,,,,,,,10.0,,,,7.0,12.0,,13.0,,11.0,,,,17.0,,9.0,,,,19.0,,,,,,,,,2.0,3.0,,
2002-04-30 00:00:00+00:00,17.0,,,,,,,14.0,,,,11.0,,,,,,,16.0,,,,,,13.0,,4.0,,,15.0,10.0,,,,,,,3.0,5.0,,,12.0,,9.0,,,,,,7.0,,,,8.0,1.0,,21.0,,18.0,,,,6.0,,2.0,,,,20.0,,,,,,,,,,19.0,,
2002-05-31 00:00:00+00:00,,,,,,,,10.0,,,,12.0,,,,,,,,,,,,,6.0,,15.0,,,,,,,,,,,,,,,,11.0,14.0,,,,3.0,,5.0,,,,,8.0,,,,,1.0,,,4.0,,13.0,9.0,,,,,2.0,,7.0,,,,,,,,
2002-06-30 00:00:00+00:00,,,,4.0,,,,,,,,,,,,,,,,,,,,,8.0,,,,,,,,,,,,,,,,,,5.0,,,,,6.0,,,,,,,,,,,,7.0,,,10.0,,9.0,,,,,,3.0,,2.0,,,,,1.0,,,
2002-07-31 00:00:00+00:00,,,,,,,,,,,,,,,,,,,,,,4.0,,,,,,,,,,,,,,,,,,,,,,,,,,,,,,,,,,,,,,5.0,,,6.0,,,,,,,,3.0,,2.0,,,,,1.0,,,
2002-08-31 00:00:00+00:00,,,,,,,,,,,,,,,,,,,,,,,,,,,,,,,,,,,,,,,,,,,,,,,,,,,,,,,,,,,,,,,,,,,,,,,2.0,,,,,,,1.0,,,
2002-09-30 00:00:00+00:00,,,,,,,,,,,,,,,,,,,,,,,,,,,,,,,,,,,,,,,,,,,,,,,,,,,,,,,,,,,,,,,,,,,,,,,2.0,,,,,,,1.0,,,
2002-10-31 00:00:00+00:00,,,,,,,,,,,,,,,,,,,,,3.0,,,,,,,,,,,,,,,,,,,,,,,,,,,2.0,,,,,,,,,,,,,,,,,,,,,,,,,,,,,,1.0,,,
2002-11-30 00:00:00+00:00,,,,5.0,,,,,,,,,,,,,4.0,,,,,7.0,,,,,,,,,9.0,,,,,,10.0,,,,,,,,,,,8.0,,,,,6.0,,3.0,,,,,,,,,,,,,,,,,2.0,,,,,,1.0,,,
2002-12-31 00:00:00+00:00,,14.0,,4.0,10.0,,,,,,,11.0,,,,,23.0,,,,,24.0,,,,5.0,,,,26.0,25.0,,22.0,,,,,6.0,,,,,16.0,,,,,19.0,,,17.0,18.0,13.0,9.0,3.0,,,,12.0,,8.0,,15.0,,,,,,7.0,20.0,21.0,2.0,,,,,,1.0,,,
2003-01-31 00:00:00+00:00,,,,,,,,,,,5.0,18.0,4.0,,,,,,,,,,,,,,,,,,,14.0,,,,3.0,,7.0,,,,16.0,13.0,,,8.0,,,,15.0,,,11.0,9.0,2.0,,,,,,10.0,,,,,,6.0,,17.0,12.0,,19.0,,,,,,1.0,,,
2003-02-28 00:00:00+00:00,,,,,,,,,,,,,2.0,,,4.0,,,,,,,,,,,,,,,,,,,,,,,,,,,,,,,,,,,,,6.0,,7.0,,,,,,5.0,,,,,,,,,,,,,,3.0,,,1.0,,,
2003-03-31 00:00:00+00:00,,,,,,,,,,,,,2.0,,,4.0,,,,,5.0,,,,,,,,,,6.0,,,,,,,,,,,,,,,,,,,,,,7.0,,,,,,,,3.0,,,,,,,,,,,,,,1.0,,,,,,
2003-04-30 00:00:00+00:00,,,,3.0,,,,,,11.0,,4.0,2.0,,8.0,14.0,,,,,12.0,,,,,10.0,,,,,15.0,,,,,,,,,,5.0,,,,,,,,,,,,,6.0,,,,,,,7.0,,,,,9.0,,,,,,,13.0,,1.0,,,,,,
2003-05-31 00:00:00+00:00,,,,16.0,3.0,,,,,24.0,,23.0,19.0,,21.0,32.0,,13.0,,28.0,31.0,,,1.0,,10.0,,,8.0,15.0,,14.0,,,29.0,,,11.0,17.0,,18.0,33.0,,,,7.0,,,,,,27.0,22.0,9.0,26.0,,,,12.0,,30.0,,,,,25.0,6.0,,,5.0,,,20.0,,4.0,,,2.0,,,
2003-06-30 00:00:00+00:00,,,,12.0,4.0,,,47.0,,40.0,19.0,25.0,34.0,,32.0,,,22.0,20.0,36.0,44.0,,18.0,2.0,41.0,31.0,8.0,15.0,6.0,33.0,,14.0,45.0,,46.0,,,21.0,38.0,,29.0,,,23.0,,10.0,,,,26.0,,43.0,35.0,17.0,48.0,,,30.0,39.0,7.0,24.0,37.0,27.0,,42.0,16.0,5.0,,,11.0,,,13.0,,1.0,,,3.0,9.0,,28.0
2003-07-31 00:00:00+00:00,25.0,,,19.0,3.0,,,36.0,,34.0,20.0,,,,,,,10.0,22.0,,28.0,,30.0,18.0,44.0,24.0,7.0,40.0,4.0,5.0,,9.0,27.0,,,,,12.0,26.0,,16.0,,13.0,38.0,,31.0,,,,42.0,,,39.0,17.0,,,,32.0,41.0,6.0,33.0,43.0,23.0,,,15.0,29.0,,37.0,21.0,,14.0,11.0,,8.0,,,2.0,1.0,,35.0
2003-08-31 00:00:00+00:00,19.0,30.0,,12.0,,,,35.0,,,17.0,,7.0,,,,25.0,9.0,29.0,,34.0,,,1.0,,,8.0,,16.0,11.0,22.0,20.0,21.0,,,,10.0,14.0,32.0,,26.0,,31.0,,,,,,,,27.0,,,15.0,4.0,,,,,24.0,,,28.0,,,18.0,13.0,,,,6.0,5.0,23.0,,33.0,,,3.0,2.0,,
2003-09-30 00:00:00+00:00,14.0,24.0,,3.0,,,,,,,23.0,,1.0,,,,11.0,7.0,33.0,,30.0,,,12.0,,,18.0,,29.0,36.0,17.0,34.0,32.0,,,,6.0,25.0,22.0,,21.0,,31.0,,,,,20.0,,,19.0,9.0,,26.0,35.0,,,,,28.0,,,16.0,,13.0,27.0,10.0,,,,4.0,5.0,8.0,,,,,2.0,15.0,,
2003-10-31 00:00:00+00:00,,33.0,,8.0,,,,,,,19.0,13.0,1.0,,6.0,,7.0,10.0,,2.0,,,,,,25.0,14.0,,,22.0,11.0,,31.0,,,,21.0,32.0,27.0,,17.0,23.0,9.0,,,,,15.0,,,,24.0,,34.0,,,18.0,,,,,,26.0,,16.0,29.0,28.0,,,,4.0,30.0,20.0,,,,,3.0,12.0,,5.0
2003-11-30 00:00:00+00:00,,,,30.0,,,,29.0,,,16.0,26.0,8.0,,10.0,31.0,34.0,17.0,,2.0,,35.0,,,27.0,11.0,4.0,,,15.0,28.0,,,,,,1.0,37.0,32.0,,18.0,5.0,7.0,,,,,25.0,,36.0,14.0,20.0,23.0,,,,21.0,,24.0,,,,22.0,,13.0,,33.0,,,12.0,9.0,,19.0,,,,,,3.0,,6.0
2003-12-31 00:00:00+00:00,,,,31.0,,,,30.0,,24.0,8.0,,33.0,,27.0,32.0,,36.0,11.0,18.0,,19.0,,,16.0,17.0,5.0,,,26.0,20.0,,,,9.0,,4.0,,29.0,,34.0,3.0,7.0,,,,,28.0,,,10.0,22.0,23.0,,,,25.0,6.0,21.0,,,,35.0,,15.0,,,,,14.0,12.0,,,,13.0,,,,2.0,,1.0
2004-01-31 00:00:00+00:00,,,,,17.0,,,,,19.0,15.0,,1.0,,21.0,,3.0,,6.0,28.0,,,,,24.0,30.0,12.0,,,25.0,7.0,,,,26.0,,11.0,,27.0,,,8.0,22.0,,,,,,,,23.0,,20.0,16.0,,,,31.0,,,5.0,9.0,14.0,,29.0,13.0,,,,10.0,,,,,4.0,,,,18.0,,2.0
2004-02-29 00:00:00+00:00,,,,,23.0,,,,,24.0,31.0,,3.0,,16.0,,6.0,,18.0,,29.0,,20.0,,17.0,,,,5.0,,7.0,,14.0,,,13.0,1.0,,,,,8.0,,11.0,,27.0,,,,25.0,,,26.0,30.0,,,,,21.0,,15.0,2.0,12.0,,,,,,9.0,22.0,19.0,,,,10.0,,,,28.0,,4.0
2004-03-31 00:00:00+00:00,6.0,,,,,,,,,20.0,,,10.0,,26.0,,9.0,,15.0,,24.0,,25.0,2.0,27.0,,,,8.0,,13.0,,21.0,,,11.0,1.0,,,,,5.0,,23.0,,,,4.0,,16.0,,,22.0,,,,,,28.0,,14.0,3.0,12.0,,,,,,30.0,19.0,17.0,18.0,,,29.0,,,,,,7.0
2004-04-30 00:00:00+00:00,4.0,,,,,,,10.0,,,,,,,,,11.0,,,,,,,8.0,,,,,9.0,,15.0,,17.0,,,,5.0,,,,7.0,1.0,,,,,,2.0,,16.0,,,13.0,,,,,,,,,14.0,12.0,,,,,,18.0,,,3.0,,,,,,,,,6.0
2004-05-31 00:00:00+00:00,16.0,,,,,,,11.0,,,,7.0,,,,,17.0,,,,,,,15.0,,,,,,,8.0,,10.0,,,,1.0,,,,6.0,3.0,,,,,,5.0,,,,9.0,,,4.0,,,,,,2.0,14.0,,,12.0,,,,,,,,13.0,,,,,,,,
2004-06-30 00:00:00+00:00,,,,,,,,12.0,,,,8.0,,,,,,,,,,,,,,,,,,,4.0,,11.0,,,,1.0,,7.0,,6.0,2.0,,,,,,9.0,,,,13.0,,,3.0,,,,,,5.0,,,,10.0,,,,,,,,,,,,,,,,
2004-07-31 00:00:00+00:00,8.0,12.0,,,,,,,,10.0,,7.0,,,,,,,13.0,,,,,,,,,,,,6.0,14.0,,,,,11.0,,17.0,,,15.0,,,,,,,,,,,,,2.0,,5.0,,,,16.0,,,,,3.0,9.0,,,4.0,,,,,,,,,,,1.0
2004-08-31 00:00:00+00:00,6.0,8.0,,,,,,,,11.0,,,,,,,2.0,,10.0,,,,1.0,,,,,,,,5.0,,,,,,,,,,,9.0,,7.0,,,,,,,,,,,,,,,,,,,,,,,,,3.0,,4.0,,,,,,,,,,
2004-09-30 00:00:00+00:00,3.0,,,,,,,,,,,,,,,,5.0,,,,,,1.0,,,,,,,,,,,,,,,,,,,,,9.0,,,,,,7.0,,,10.0,4.0,,,,,,,,,,,8.0,,,,6.0,,2.0,,,,,,,,,,
2004-10-31 00:00:00+00:00,2.0,,1.0,,,,,,,,,5.0,,,,,10.0,,,,,15.0,7.0,,12.0,,,,,,,11.0,,,,,8.0,,,,,4.0,,14.0,,,,,,9.0,,,16.0,6.0,,,,,,,,,,,,,,,13.0,,3.0,,,,,,,,,,
2004-11-30 00:00:00+00:00,3.0,,4.0,,,,,,,18.0,,12.0,,,19.0,26.0,,,,1.0,,28.0,6.0,,22.0,,,20.0,,,13.0,27.0,,,21.0,,5.0,,15.0,,,7.0,,24.0,,,,,,17.0,23.0,,,16.0,,,,,,,11.0,,,,,9.0,14.0,,25.0,2.0,10.0,,,,,,,8.0,,,
2004-12-31 00:00:00+00:00,6.0,,25.0,,2.0,,,,,36.0,,22.0,,,30.0,19.0,,32.0,,5.0,,,1.0,,31.0,,17.0,,,,14.0,,28.0,,21.0,,4.0,35.0,20.0,,29.0,3.0,,33.0,,15.0,,,,24.0,37.0,26.0,,10.0,12.0,,,27.0,,34.0,16.0,,13.0,,,18.0,11.0,,,7.0,8.0,,,,,,,9.0,23.0,,
2005-01-31 00:00:00+00:00,4.0,,11.0,,3.0,,,14.0,,,,25.0,,,,23.0,13.0,35.0,,5.0,28.0,,6.0,19.0,29.0,,,,,,39.0,,,,26.0,,2.0,,7.0,,18.0,31.0,,36.0,,33.0,,12.0,,16.0,38.0,,32.0,40.0,10.0,,9.0,37.0,,,21.0,8.0,30.0,,,17.0,15.0,,,22.0,27.0,,1.0,,,,,24.0,34.0,,20.0
2005-02-28 00:00:00+00:00,2.0,,16.0,,3.0,,,14.0,,,,,,,,13.0,,,,,18.0,,4.0,,,,,,,,,,,,,,1.0,,11.0,,6.0,,,,,,,17.0,,9.0,,,,,10.0,,5.0,,,,,15.0,7.0,,,,12.0,,,,,,8.0,,,,,,,,
2005-03-31 00:00:00+00:00,4.0,,,,8.0,,,17.0,,,,,,,,,,,12.0,,,,5.0,,,,,,,,,,,,7.0,,1.0,,13.0,,11.0,,,,,,,18.0,,10.0,,,,,14.0,,15.0,,,,,,16.0,,,2.0,3.0,,,,,,6.0,,,,,,9.0,,
2005-04-30 00:00:00+00:00,3.0,,,,17.0,,,,,,,2.0,,,9.0,,,,13.0,,,,4.0,,,,,,,,,,,,11.0,,1.0,,12.0,,8.0,,,,,,,,,10.0,,,,,,,15.0,,7.0,,,,,,,5.0,6.0,,,,14.0,,,,,,,,16.0,,
2005-05-31 00:00:00+00:00,,,,,,,,,,,,,,,,,,,,,,,,6.0,,,,,,,,3.0,,,,,1.0,,,,,,,,,,,,,4.0,,,,,,,,,5.0,,,,,,,,,,,,,,,,,,,2.0,,,
2005-06-30 00:00:00+00:00,,,3.0,,,,,,,,,,2.0,,,,,,,,,,,,,,,,,,,8.0,,,,,1.0,,,,4.0,11.0,5.0,10.0,,,,7.0,,,,,,,,,,,13.0,,,,,,,,,,,,,,,,12.0,,,9.0,,6.0,
2005-07-31 00:00:00+00:00,,,6.0,,28.0,,,,,30.0,29.0,,8.0,,12.0,,,27.0,,5.0,2.0,,,,,32.0,21.0,9.0,20.0,19.0,,24.0,,,,1.0,3.0,,31.0,,13.0,26.0,25.0,18.0,,,,17.0,,14.0,,,23.0,,,,,,,,,,,,11.0,,15.0,,4.0,,33.0,16.0,,,,,,7.0,,10.0,22.0
2005-08-31 00:00:00+00:00,6.0,,29.0,,19.0,,,,,,,,2.0,,11.0,,,,,8.0,4.0,28.0,1.0,,,35.0,,14.0,20.0,22.0,,31.0,,,26.0,3.0,7.0,21.0,34.0,,33.0,,39.0,25.0,,,,15.0,,23.0,24.0,16.0,36.0,,9.0,,32.0,,,,12.0,,,,27.0,17.0,10.0,,13.0,,38.0,18.0,37.0,,,,,5.0,30.0,,
2005-09-30 00:00:00+00:00,7.0,,,8.0,4.0,,,,,,,,1.0,,14.0,,11.0,,25.0,6.0,9.0,,3.0,,,,,5.0,12.0,17.0,,,,,27.0,,31.0,15.0,,,,,28.0,24.0,,,,21.0,,22.0,29.0,20.0,,,23.0,,,13.0,10.0,,30.0,,,,,26.0,18.0,,16.0,,,,,,,,,2.0,19.0,,
2005-10-31 00:00:00+00:00,2.0,,,,5.0,,,,,,,,3.0,,,,8.0,,,6.0,,,13.0,,,,,1.0,4.0,,,,,,,,,,,,,9.0,,14.0,,,,,,,,,,,,,,,12.0,,,,,,,,10.0,,,,,,,,,,,11.0,,7.0,
2005-11-30 00:00:00+00:00,1.0,,2.0,,12.0,,,14.0,,,,,11.0,,,,15.0,,,7.0,,,,,,,6.0,3.0,9.0,,,10.0,,,,,,,,,,13.0,,,,,,,,,,5.0,,,,,,,,,,,,,,,4.0,,,,,,,,,,,,,8.0,
2005-12-31 00:00:00+00:00,6.0,,14.0,,9.0,,,35.0,,32.0,,17.0,22.0,,,,,,,3.0,,19.0,2.0,10.0,,,18.0,4.0,24.0,,26.0,16.0,30.0,,27.0,5.0,1.0,23.0,,,21.0,,,,,,,29.0,,,34.0,36.0,,28.0,12.0,,,31.0,,,15.0,13.0,25.0,,20.0,33.0,11.0,,,,,,,,,,,,7.0,8.0,
2006-01-31 00:00:00+00:00,31.0,35.0,18.0,32.0,11.0,,,41.0,,29.0,,12.0,,,,,,,,1.0,,23.0,5.0,6.0,,26.0,7.0,3.0,39.0,38.0,20.0,15.0,,,21.0,2.0,9.0,25.0,36.0,,24.0,,16.0,,,13.0,,27.0,,,37.0,42.0,,22.0,19.0,,,30.0,,,34.0,43.0,40.0,,17.0,28.0,8.0,,4.0,,33.0,,,,,,,,14.0,10.0,
2006-02-28 00:00:00+00:00,,,,,2.0,,,,,,5.0,20.0,,,,,,,,3.0,,,,,,,6.0,1.0,9.0,23.0,8.0,18.0,,,16.0,4.0,10.0,,26.0,,14.0,,15.0,,,19.0,,17.0,,22.0,,,24.0,,25.0,,,,,,,,,,,,13.0,,12.0,,11.0,,,,,,,,21.0,7.0,
2006-03-31 00:00:00+00:00,,,,,4.0,,,,,,11.0,,,,,,,,8.0,17.0,,,,,,,20.0,16.0,21.0,,5.0,15.0,,,12.0,18.0,3.0,,24.0,,10.0,,19.0,,,14.0,,6.0,,23.0,,,,,,,,,,13.0,,,,,,,22.0,,25.0,,9.0,,,,7.0,,,1.0,,2.0,
2006-04-30 00:00:00+00:00,,,,,3.0,,,,,10.0,14.0,,,,,,11.0,,19.0,,,,,6.0,20.0,,,,,,13.0,15.0,,,5.0,,1.0,,,,24.0,,,,,,,25.0,,,,18.0,,,,,,17.0,,12.0,,,,,16.0,9.0,,,,23.0,8.0,4.0,,,22.0,,,7.0,,2.0,21.0
2006-05-31 00:00:00+00:00,,,,,16.0,,,,,25.0,5.0,,4.0,,13.0,,14.0,,15.0,,,,,2.0,7.0,,,,,,17.0,,,,3.0,,1.0,,8.0,,18.0,,,,,,,24.0,,,,9.0,,,,,,23.0,11.0,,,,,,21.0,22.0,,,,,6.0,12.0,,,19.0,,,20.0,,10.0,
2006-06-30 00:00:00+00:00,,,,,,,,,,,,,,,,6.0,,,,,,,,4.0,9.0,,,,,,,,,,14.0,,1.0,,11.0,,,,,,,,,,,,,,13.0,5.0,3.0,,,,7.0,,,,,,,,,,12.0,,8.0,,,2.0,,,,,,10.0,
2006-07-31 00:00:00+00:00,,,,,,,,10.0,,,,,,,,8.0,,,,,,,,2.0,,,,,,,,,,,,,1.0,,,,,,,7.0,,,,,,9.0,,,6.0,12.0,5.0,,,,3.0,,,,,,,,,,,,11.0,,,4.0,,,,,,,
2006-08-31 00:00:00+00:00,,,,,,,,5.0,,,,,,,,3.0,,,,,,7.0,,,,,,,,,,,,,,,,,,,,,,6.0,,,,,,,,,4.0,,,,2.0,,1.0,,,,,,,,,,,,,,,,,,,,,,
2006-09-30 00:00:00+00:00,7.0,6.0,,,,,,17.0,,,,1.0,,,,12.0,,,,,,8.0,,,,,,,,,,13.0,9.0,,,2.0,,,,,,,,15.0,,,,11.0,,,,,14.0,,,,18.0,,16.0,3.0,,,,,,,,,,,5.0,,4.0,,,,,,,,10.0
2006-10-31 00:00:00+00:00,7.0,11.0,,,2.0,,,27.0,,,8.0,5.0,,,26.0,9.0,,17.0,,,12.0,14.0,,3.0,24.0,,,,,22.0,,21.0,25.0,,,1.0,,10.0,,,,,,6.0,,,,19.0,,28.0,,,16.0,,,,,,13.0,18.0,,,,,,,,,,,20.0,,4.0,,,,,,15.0,,23.0
2006-11-30 00:00:00+00:00,5.0,28.0,10.0,,9.0,,,,,,17.0,31.0,,,,19.0,,27.0,30.0,,36.0,34.0,,24.0,39.0,,6.0,,,33.0,38.0,43.0,40.0,,12.0,2.0,,18.0,15.0,,37.0,20.0,,16.0,,4.0,,,,,32.0,23.0,22.0,13.0,,,,26.0,,42.0,8.0,14.0,11.0,,41.0,,,,,7.0,25.0,3.0,29.0,,1.0,,,,21.0,,35.0
2006-12-31 00:00:00+00:00,26.0,29.0,42.0,41.0,32.0,,,,,14.0,3.0,28.0,6.0,,,22.0,,37.0,23.0,,,,,13.0,36.0,21.0,11.0,12.0,,30.0,20.0,,35.0,,27.0,25.0,,31.0,15.0,,,7.0,,33.0,,4.0,,,,,34.0,38.0,24.0,10.0,,,,39.0,,,40.0,8.0,19.0,,,,,,,5.0,18.0,9.0,,1.0,2.0,,,,17.0,,16.0
2007-01-31 00:00:00+00:00,14.0,27.0,22.0,24.0,11.0,,,,,,1.0,17.0,,,,10.0,,,12.0,,,,,3.0,,23.0,,,,,,,25.0,,,8.0,,7.0,18.0,,,13.0,,16.0,,2.0,,,,,,21.0,20.0,6.0,,,,28.0,,,,9.0,,,,,5.0,,,15.0,,,,19.0,,,,4.0,,,26.0
2007-02-28 00:00:00+00:00,,,,,,,,,,4.0,,,,,,15.0,,,8.0,,,,,1.0,,,,,,,,,,,,,16.0,,11.0,,,12.0,3.0,5.0,,9.0,,,,,,,13.0,7.0,,,10.0,,,,,,,,,,,,,14.0,,,,6.0,,,,2.0,,,
2007-03-31 00:00:00+00:00,,,,,,,,,,22.0,,,,,17.0,,,,13.0,,,,,1.0,,,,,,,,2.0,,,6.0,,21.0,,15.0,,,,19.0,8.0,,,,20.0,,4.0,,,14.0,7.0,11.0,,,5.0,,3.0,,,12.0,,,16.0,,,,23.0,18.0,,,,10.0,,,9.0,,,
2007-04-30 00:00:00+00:00,,,,,,,,,,,,,,,,,18.0,,4.0,,,,3.0,6.0,,13.0,,,,,,9.0,,,8.0,,,16.0,17.0,,,,12.0,10.0,,,,,,7.0,,,20.0,2.0,11.0,,,14.0,,5.0,21.0,,15.0,,,22.0,,,,,19.0,,,,1.0,,,,,,
2007-05-31 00:00:00+00:00,3.0,,,1.0,,,,,,,,18.0,,,,,12.0,,4.0,,,,7.0,10.0,,21.0,8.0,,,20.0,,13.0,,,15.0,,,22.0,,,,,11.0,19.0,,,,,,9.0,,,17.0,6.0,,,,16.0,,14.0,23.0,,,,,,,,,5.0,,,,,2.0,,,,,,
2007-06-30 00:00:00+00:00,3.0,32.0,16.0,12.0,4.0,,,33.0,,,,35.0,,8.0,11.0,,,10.0,18.0,,,,22.0,5.0,,25.0,29.0,,,24.0,,36.0,14.0,,21.0,,7.0,28.0,,,30.0,,27.0,,,34.0,,,,23.0,,,,26.0,,,,20.0,,13.0,,9.0,,,31.0,,,,15.0,6.0,,19.0,,1.0,2.0,,,,17.0,,
2007-07-31 00:00:00+00:00,5.0,,22.0,11.0,4.0,,,,,16.0,7.0,,,3.0,23.0,,,14.0,28.0,20.0,,15.0,2.0,30.0,35.0,,,,24.0,6.0,,,34.0,,10.0,,31.0,26.0,,,29.0,25.0,,,,,,,,,,18.0,,13.0,,,,,,12.0,,8.0,,,21.0,32.0,,,27.0,17.0,,19.0,,1.0,9.0,,,,,,33.0
2007-08-31 00:00:00+00:00,16.0,,17.0,8.0,7.0,,,,,14.0,6.0,,,,,,,13.0,,,,,1.0,3.0,,,,,,15.0,,,,,,,18.0,,,,,,,,,,,5.0,,,,9.0,,,,,,,,,,4.0,,,11.0,,,,,,,12.0,,2.0,10.0,,,,,,
2007-09-30 00:00:00+00:00,,,,14.0,5.0,,,,,,13.0,,,,,,,15.0,,,,,10.0,3.0,,,,11.0,,18.0,,,,,,,2.0,,,,,,,,,,,12.0,,,,20.0,,,,,,,,,6.0,7.0,,,19.0,4.0,,,,,,9.0,8.0,1.0,,,,,17.0,16.0,
2007-10-31 00:00:00+00:00,5.0,,,16.0,12.0,,,19.0,,,20.0,8.0,,,,,,17.0,,,,,4.0,15.0,,,,18.0,,,,,,,,14.0,2.0,,,,,,,,,,,13.0,6.0,,,,21.0,,,,,,,,22.0,9.0,,,,7.0,,,,,,10.0,11.0,1.0,,3.0,,,,,
2007-11-30 00:00:00+00:00,5.0,,6.0,,,,,16.0,,12.0,,21.0,8.0,,,,,,,,,,1.0,4.0,,,,,,,,9.0,,,,,20.0,,,,,,,,,,,18.0,10.0,,,,17.0,,,,,,,,,15.0,,,,11.0,,,,7.0,,13.0,14.0,2.0,,19.0,,,,,3.0
2007-12-31 00:00:00+00:00,5.0,4.0,10.0,,,,,12.0,,20.0,,,6.0,,,,,,,,,,3.0,2.0,,,,,,,,8.0,,,,,,,,,,,,,,,,18.0,,15.0,,,19.0,,,,,,,,,7.0,,,,9.0,,,,13.0,,,,17.0,,1.0,,14.0,16.0,,11.0
2008-01-31 00:00:00+00:00,,,,,,,,3.0,,9.0,,,,,,,,,,,,,,4.0,,,,,,,,,,,,,,,,,,,,,,,,,,6.0,,,5.0,,,,,,,,,,,,,,,,,8.0,,,,7.0,,2.0,,,,,1.0
2008-02-29 00:00:00+00:00,,,,,,,,,,,,,,,,,,,,,,,,,,,,,,,,,,,,,,,,,,,,,,,,,,,,,,,,,,,,,,,,,,,,,,,,,,,,,,,,,1.0
2008-03-31 00:00:00+00:00,,,,,,,,,,,,,1.0,,,,,,,,,,,,,,,,,,,,,,2.0,,,,,,,,,,,,,,,,,,,,3.0,,,,,,,,4.0,,,,,,,,,,,,,,,,,,
2008-04-30 00:00:00+00:00,,,,,,,,,,,,,5.0,,,4.0,,,,,,,,,,,,,,7.0,,,,,1.0,,,,,,,,,,,,,,,,,,,,6.0,,,,,3.0,,,2.0,,,,,,,,,,,,,,,,,,
2008-05-31 00:00:00+00:00,4.0,,,,,,,,,,,8.0,10.0,,,,,,,,,,,,,7.0,,1.0,,21.0,,12.0,20.0,,9.0,,,,,,,,14.0,18.0,,,,,,13.0,,16.0,,,11.0,,,,,2.0,17.0,19.0,6.0,,15.0,,,,5.0,,,,,,,,,3.0,,,
2008-06-30 00:00:00+00:00,33.0,,3.0,5.0,,,,,,29.0,11.0,7.0,,21.0,,,16.0,10.0,,,,,,,,31.0,,1.0,15.0,,,25.0,27.0,,26.0,,,,,,,23.0,9.0,32.0,,,,,,12.0,,,,30.0,,,,24.0,,8.0,,22.0,13.0,,28.0,19.0,2.0,,20.0,18.0,,6.0,,4.0,,,,17.0,14.0,,
2008-07-31 00:00:00+00:00,,,,,,,,,,,,,,,,,4.0,,,,1.0,,,,,,,2.0,,,,,,,,,,,,,,,,,,9.0,,,,11.0,,,,,,,,,,6.0,,,7.0,,,,5.0,,10.0,,,3.0,,,,,,8.0,,,
2008-08-31 00:00:00+00:00,,,,,,,,,,,,,,,,,5.0,,,,1.0,,,,,,,6.0,,,,,,,,,,,,,,,,,,,,,,,,,,,,,,,3.0,2.0,,,4.0,,,,,,,,,,,,,,,,,,
2008-09-30 00:00:00+00:00,,,,,,,,,,,,,,,,,8.0,,,,4.0,,,,2.0,,,,,,,,9.0,,,3.0,,,,,,,,,,,,6.0,,,,,,,1.0,,,,10.0,7.0,,,5.0,,,,,,,,,,,,,,,,,,
2008-10-31 00:00:00+00:00,,,,,,,,,,,,,,,,,,,,,,,,,1.0,,,,,,,,,,,,,,,,,,,,,,,,,,,,,,,,,,,,,,,,,,,,,,,,,,,,,,,,
2008-11-30 00:00:00+00:00,,,,,,,,,,,,,,,,,,,,,,,,,,,,,,,,,,,,,,,,,,,,,,,,,,,,,,,,,,,,,,,,,,,,,,,,,,,,,,,,,
2008-12-31 00:00:00+00:00,,,,,,,,,,,,,,,,,,,,,,,,,,,,,,,,,,,,,,,,,,,,,,,,,,,,,,,,,,,,,,,,,,,,,,,,,,,,,,,,,
2009-01-31 00:00:00+00:00,,,,,,,,,,,,,,,,,,,,,,,,,,,,,,,,,,,,,,,,,2.0,,,,,,,,,,,,,,,,,,,1.0,,,,,,,,,,,,,,,,,,,,,
2009-02-28 00:00:00+00:00,,,,,,,,,,,,,1.0,8.0,,,,,,,,,,2.0,,,,9.0,,,,4.0,,,,,6.0,,,,3.0,,,,,,,,,,,,,,,,,,,,,5.0,,,,,,,,,7.0,,,,,,,,,,
2009-03-31 00:00:00+00:00,,,8.0,1.0,,,,,,,,,4.0,,,,,,,,,,,5.0,,,,,6.0,,,,,,,,9.0,,,,,,,,,,,,,,,,,,,,,,,,,,7.0,,,,2.0,,,,10.0,,,,,,,,,3.0,
2009-04-30 00:00:00+00:00,,,12.0,6.0,,,,,,,,,8.0,,,,,,,,,,,11.0,,,,,1.0,,,,,,,,7.0,,,,10.0,,,,,,,,,,,,,,,,,,,,,,5.0,,,,3.0,,,,,4.0,,2.0,,,,,,13.0,9.0
2009-05-31 00:00:00+00:00,11.0,,20.0,21.0,39.0,,,,,42.0,27.0,10.0,43.0,,29.0,,28.0,38.0,,9.0,,,,6.0,,,36.0,,18.0,30.0,17.0,,,,,,37.0,22.0,4.0,,34.0,,40.0,,5.0,44.0,,19.0,1.0,,41.0,31.0,,16.0,23.0,,26.0,7.0,,,8.0,,35.0,,,15.0,14.0,,,,12.0,24.0,,3.0,,13.0,,2.0,25.0,33.0,32.0
2009-06-30 00:00:00+00:00,14.0,16.0,39.0,33.0,43.0,,,,,44.0,46.0,40.0,,,7.0,,27.0,31.0,,32.0,,,38.0,13.0,9.0,10.0,36.0,,42.0,,5.0,,,,29.0,,,47.0,20.0,,25.0,37.0,45.0,,11.0,,,15.0,2.0,,,48.0,,21.0,6.0,,24.0,3.0,,41.0,4.0,,35.0,,,17.0,18.0,,19.0,,12.0,8.0,34.0,1.0,28.0,30.0,,26.0,22.0,,23.0
2009-07-31 00:00:00+00:00,9.0,18.0,23.0,,,,,29.0,,,,16.0,,,11.0,,25.0,13.0,,,,28.0,32.0,12.0,24.0,21.0,,14.0,4.0,,,,,,3.0,1.0,,,,,,,,,22.0,,,15.0,,30.0,,,,,7.0,,,33.0,26.0,,,,,,,27.0,17.0,,,,19.0,5.0,34.0,2.0,,31.0,,8.0,10.0,6.0,20.0
2009-08-31 00:00:00+00:00,13.0,27.0,26.0,,,,,28.0,,,,17.0,,,15.0,,31.0,11.0,,,20.0,24.0,,2.0,21.0,14.0,,34.0,1.0,,,,,,8.0,10.0,,,,,,,12.0,23.0,7.0,,,25.0,,32.0,,,,,22.0,,,29.0,30.0,,,,,,,16.0,3.0,,,,4.0,9.0,,18.0,,,,19.0,5.0,6.0,33.0
2009-09-30 00:00:00+00:00,11.0,26.0,24.0,,28.0,,,22.0,,13.0,45.0,47.0,31.0,,52.0,35.0,,41.0,33.0,,50.0,,18.0,1.0,51.0,25.0,53.0,23.0,8.0,40.0,15.0,,32.0,,49.0,14.0,,29.0,,,,54.0,44.0,34.0,10.0,19.0,,21.0,3.0,,9.0,,42.0,48.0,37.0,,4.0,,30.0,46.0,27.0,,43.0,,36.0,7.0,20.0,,,,5.0,16.0,,38.0,,6.0,,39.0,12.0,2.0,17.0
2009-10-31 00:00:00+00:00,9.0,6.0,7.0,,18.0,,,17.0,45.0,8.0,23.0,,3.0,,,42.0,,,25.0,12.0,,,27.0,16.0,,,20.0,,13.0,,31.0,,15.0,,30.0,,34.0,40.0,28.0,,,14.0,,,44.0,26.0,,,1.0,,35.0,24.0,,33.0,,,5.0,43.0,,32.0,39.0,,38.0,,36.0,11.0,29.0,,,22.0,2.0,,,19.0,4.0,10.0,,37.0,41.0,21.0,
2009-11-30 00:00:00+00:00,26.0,10.0,8.0,1.0,,,,20.0,,27.0,29.0,,7.0,,,,,,,4.0,,,14.0,2.0,,,16.0,,,,,,17.0,,,,23.0,28.0,25.0,,,9.0,,,31.0,30.0,,,6.0,,,12.0,,24.0,,,15.0,,,,22.0,,,,,18.0,,,,21.0,11.0,,,19.0,5.0,3.0,,,13.0,,
2009-12-31 00:00:00+00:00,18.0,11.0,8.0,6.0,,,,21.0,,17.0,,16.0,23.0,,,,,,,1.0,,19.0,5.0,3.0,,,,,,,,,14.0,,,,,,,,,,,,,,,,4.0,,,12.0,,,,15.0,20.0,,,,,,,,,13.0,,,,,9.0,,,10.0,22.0,2.0,,,7.0,,
2010-01-31 00:00:00+00:00,12.0,7.0,14.0,28.0,,,,,,,,17.0,32.0,,21.0,,,,,8.0,,30.0,4.0,24.0,19.0,,,20.0,3.0,,23.0,,29.0,,13.0,,,,16.0,,,,,11.0,,,22.0,,10.0,,,25.0,26.0,,,9.0,,,15.0,,,,,,5.0,,,,,,27.0,6.0,,,2.0,1.0,,,31.0,,18.0
2010-02-28 00:00:00+00:00,,,,,12.0,,,,6.0,,,,,,,,,20.0,,24.0,,,2.0,,16.0,,,,3.0,,17.0,,,,,8.0,14.0,,18.0,,,,,15.0,4.0,,,,,,,,22.0,,,,,,,,,10.0,,,5.0,21.0,13.0,,,11.0,,7.0,,,9.0,,,,23.0,1.0,19.0
2010-03-31 00:00:00+00:00,,,,,,,,,4.0,,,,1.0,,,,,6.0,,,,,15.0,,11.0,,,,,,,,,,,16.0,10.0,,,,,,,,2.0,,,,,,,,,,,,,,,,,12.0,3.0,9.0,5.0,14.0,,,17.0,7.0,,8.0,,,,,,,,13.0,
2010-04-30 00:00:00+00:00,4.0,,,,,,,24.0,12.0,28.0,19.0,,1.0,,,,,20.0,11.0,,,18.0,26.0,15.0,27.0,,,,,,,,,,,,21.0,,,,7.0,3.0,,,16.0,23.0,,,5.0,,,,,,,,,,,9.0,29.0,30.0,10.0,6.0,8.0,25.0,,,,17.0,22.0,14.0,,2.0,,,,,,13.0,
2010-05-31 00:00:00+00:00,8.0,,,,,,,21.0,15.0,,28.0,,1.0,2.0,33.0,29.0,,14.0,10.0,,,20.0,17.0,,26.0,,11.0,,,,13.0,,34.0,,30.0,,,,19.0,,5.0,35.0,,,25.0,,,7.0,4.0,,18.0,,,6.0,16.0,,,31.0,,24.0,,,23.0,32.0,22.0,,,,,9.0,,,27.0,3.0,,,,,,12.0,
2010-06-30 00:00:00+00:00,3.0,,,,,,,,1.0,,,,5.0,9.0,,,,,,,,15.0,,,,,16.0,,,,4.0,,,,,,,,8.0,,14.0,,,,2.0,,,12.0,,,,,,,7.0,,,,,13.0,,,,17.0,6.0,,,,,11.0,,,,10.0,,,,,,,
2010-07-31 00:00:00+00:00,,,,,,,,,,,,,5.0,3.0,,,,,,,,,,,,,,,,,,,,,,,,,,,,,,,6.0,,,,,,,,,,,4.0,,,,7.0,,,,,,,,,,,,2.0,,1.0,,,,,,,
2010-08-31 00:00:00+00:00,,,,,,,,,,,,,5.0,7.0,,,,,,,,,,,,,,,,,,,,,,,,,,,,,,,,,,,,,,,,,,,,,2.0,4.0,,,,,,,,,,,,6.0,,3.0,,,,,,1.0,
2010-09-30 00:00:00+00:00,,,,,,,5.0,22.0,,,,,,,,,10.0,,,,,6.0,,1.0,,,,,,,,,,,,,15.0,,,,,,,23.0,,11.0,2.0,,,19.0,,,21.0,,17.0,,,,18.0,12.0,,20.0,,,,,,,,14.0,4.0,13.0,,3.0,9.0,7.0,,16.0,,8.0,
2010-10-31 00:00:00+00:00,,,,2.0,,,,37.0,,21.0,,,,,7.0,,12.0,,15.0,,,25.0,,8.0,28.0,17.0,,,,,,,,,14.0,22.0,26.0,9.0,18.0,,16.0,11.0,20.0,36.0,,27.0,1.0,,,39.0,30.0,,31.0,6.0,,,10.0,13.0,38.0,23.0,4.0,24.0,,,,,,,,19.0,32.0,5.0,,3.0,34.0,33.0,,35.0,,29.0,
2010-11-30 00:00:00+00:00,34.0,,33.0,31.0,10.0,,,,,36.0,,,22.0,6.0,5.0,,29.0,,18.0,,44.0,40.0,,11.0,46.0,8.0,,,,,3.0,43.0,30.0,,21.0,41.0,23.0,9.0,24.0,,20.0,14.0,17.0,45.0,,38.0,1.0,28.0,4.0,47.0,42.0,27.0,39.0,16.0,,,7.0,37.0,,13.0,12.0,15.0,,,32.0,,19.0,,,26.0,35.0,2.0,,25.0,,,,,,,
2010-12-31 00:00:00+00:00,47.0,31.0,57.0,44.0,4.0,,5.0,,6.0,24.0,,,49.0,9.0,20.0,25.0,26.0,42.0,23.0,10.0,,50.0,,34.0,,12.0,13.0,,51.0,14.0,22.0,53.0,43.0,,45.0,,55.0,40.0,28.0,1.0,27.0,35.0,30.0,,,46.0,37.0,36.0,2.0,,,29.0,56.0,21.0,8.0,17.0,15.0,52.0,,38.0,32.0,19.0,33.0,,18.0,16.0,48.0,,7.0,39.0,41.0,3.0,,54.0,,,,,11.0,,
2011-01-31 00:00:00+00:00,34.0,35.0,,45.0,2.0,,42.0,,18.0,32.0,,17.0,21.0,40.0,31.0,19.0,16.0,54.0,23.0,49.0,,53.0,,41.0,,27.0,26.0,,3.0,7.0,44.0,,36.0,,25.0,14.0,43.0,12.0,47.0,1.0,,11.0,30.0,,,33.0,8.0,22.0,4.0,,39.0,15.0,,48.0,46.0,29.0,9.0,,,51.0,,52.0,38.0,13.0,20.0,28.0,50.0,,5.0,37.0,24.0,6.0,,,,,,,10.0,,
2011-02-28 00:00:00+00:00,22.0,46.0,,,3.0,,,,14.0,45.0,,16.0,17.0,11.0,20.0,15.0,13.0,,34.0,,,,,18.0,,31.0,21.0,,2.0,10.0,38.0,,30.0,,12.0,19.0,36.0,5.0,,1.0,,40.0,26.0,,,44.0,4.0,24.0,27.0,,41.0,25.0,,,43.0,42.0,29.0,,,,,,,6.0,35.0,39.0,,,8.0,28.0,37.0,7.0,,,32.0,33.0,,,9.0,,23.0
2011-03-31 00:00:00+00:00,31.0,,,,13.0,,,,17.0,48.0,,23.0,4.0,5.0,46.0,33.0,34.0,,30.0,,,15.0,36.0,9.0,,45.0,21.0,10.0,16.0,42.0,,25.0,35.0,,11.0,2.0,29.0,22.0,,1.0,,37.0,41.0,,,47.0,14.0,20.0,3.0,,,49.0,,,27.0,,43.0,12.0,,,38.0,,28.0,7.0,24.0,44.0,,,8.0,19.0,39.0,26.0,,,40.0,,,6.0,18.0,,32.0
2011-04-30 00:00:00+00:00,,,,,,,,,36.0,,,,19.0,4.0,31.0,38.0,42.0,,26.0,,,33.0,34.0,12.0,,35.0,27.0,6.0,25.0,,13.0,37.0,21.0,,23.0,2.0,17.0,41.0,,10.0,,,16.0,,,,24.0,29.0,5.0,,,,,,7.0,,,30.0,28.0,,32.0,1.0,20.0,3.0,22.0,,,,18.0,40.0,,,11.0,8.0,9.0,,,14.0,39.0,,15.0
2011-05-31 00:00:00+00:00,,,,,,,3.0,,,18.0,,,,9.0,,31.0,,,34.0,,,35.0,28.0,26.0,17.0,,,7.0,,,24.0,,23.0,,20.0,1.0,4.0,,,32.0,,,15.0,,22.0,,,29.0,16.0,,21.0,,25.0,,33.0,,,,14.0,12.0,,2.0,10.0,8.0,19.0,,,,,,,,5.0,13.0,11.0,6.0,,30.0,,,27.0
2011-06-30 00:00:00+00:00,,,,11.0,,,17.0,23.0,,25.0,,,,9.0,,,,22.0,,,16.0,,24.0,,21.0,,,28.0,,,,,29.0,,,6.0,2.0,,,,7.0,,,13.0,15.0,,1.0,,8.0,,12.0,,,,,,,19.0,27.0,4.0,,14.0,10.0,26.0,,,,,,,,,5.0,,18.0,3.0,,,,,20.0
2011-07-31 00:00:00+00:00,,,,11.0,,,20.0,14.0,,19.0,,,5.0,,,,,22.0,,,17.0,,,,13.0,,,,,,,,,,,4.0,6.0,,,,12.0,,,23.0,10.0,,2.0,,1.0,21.0,16.0,,,,,7.0,,15.0,,8.0,,9.0,3.0,,,,,,,,,,18.0,,,,,,,,24.0
2011-08-31 00:00:00+00:00,,3.0,,1.0,,,,,,,,,,,,,,,,,,,,,,,,,,,5.0,,,,,,2.0,,,,,,,,,,,,4.0,6.0,,,,,,,,,,,,,,,,,,,,,,,,,,,,,,,
2011-09-30 00:00:00+00:00,1.0,,,,,,,,,,,,,,,,,,,,,,,,,,,,,,,,,,,,2.0,,,,,,,,,,,,3.0,,,,,,,,,,,,,,,,,,,,,,,,,,,,,,,,
2011-10-31 00:00:00+00:00,,,,,,,,,,,,,,,,,,,,,,,,,,,,,,,,,,,,4.0,2.0,,,,1.0,,,,,,,,,,,,,,,,,,,3.0,,,,,,,,,,,,,,,,,,,,,
2011-11-30 00:00:00+00:00,,,,,,,,,,8.0,,,,,,,,,,,,,,,,,,,,,,,,,,,7.0,,,,3.0,,,5.0,,,,,,,,,6.0,,,1.0,,,,4.0,,,2.0,,,,,,,,,,,,,,,,,,
2011-12-31 00:00:00+00:00,,,10.0,,,,19.0,,,,27.0,21.0,,,,,,25.0,22.0,,,30.0,7.0,,,,,,,,8.0,,,,,,,28.0,23.0,,15.0,9.0,,16.0,,26.0,2.0,,,,,12.0,13.0,,18.0,6.0,,24.0,,17.0,,29.0,5.0,,4.0,20.0,,,,11.0,,,,,1.0,3.0,,,,,14.0
2012-01-31 00:00:00+00:00,,,28.0,,,,,25.0,,,18.0,,,,,,,15.0,7.0,,4.0,,12.0,,19.0,,,,,,13.0,,17.0,,,,,8.0,2.0,,23.0,,,26.0,,,,6.0,,,1.0,16.0,27.0,,3.0,24.0,,,,22.0,,,9.0,20.0,5.0,29.0,,,,14.0,,,,,11.0,10.0,,,,,21.0
2012-02-29 00:00:00+00:00,1.0,,,,,,,30.0,,,19.0,,,,,,6.0,9.0,14.0,,20.0,,7.0,,27.0,,,,2.0,,17.0,,31.0,,,,,25.0,5.0,,16.0,,,29.0,,,,11.0,,,12.0,22.0,28.0,,13.0,18.0,,,,15.0,,,8.0,10.0,3.0,,21.0,,,26.0,,,,,23.0,4.0,,,,,24.0
2012-03-31 00:00:00+00:00,3.0,32.0,,,35.0,,,,15.0,,50.0,36.0,17.0,48.0,59.0,22.0,14.0,40.0,53.0,16.0,41.0,43.0,8.0,2.0,56.0,54.0,,27.0,55.0,58.0,7.0,52.0,57.0,,,1.0,11.0,,30.0,4.0,23.0,21.0,,,,51.0,,44.0,5.0,,45.0,47.0,,46.0,19.0,12.0,,29.0,,20.0,25.0,33.0,13.0,28.0,18.0,42.0,37.0,,,38.0,34.0,6.0,,10.0,31.0,24.0,,9.0,26.0,49.0,39.0
2012-04-30 00:00:00+00:00,21.0,36.0,,,,,23.0,,24.0,27.0,35.0,39.0,,45.0,50.0,42.0,37.0,29.0,38.0,19.0,,44.0,18.0,2.0,,,,16.0,40.0,,11.0,,,,,1.0,5.0,,12.0,33.0,3.0,41.0,,,,49.0,48.0,30.0,9.0,,47.0,,,34.0,46.0,8.0,,17.0,,10.0,20.0,13.0,6.0,26.0,43.0,32.0,,,,22.0,31.0,15.0,,25.0,7.0,51.0,,4.0,28.0,,14.0
2012-05-31 00:00:00+00:00,16.0,,,,,,,,,,,,,,,23.0,,18.0,,,,,6.0,13.0,,,,,,,2.0,,,,,15.0,1.0,10.0,4.0,,19.0,,,,9.0,,,,14.0,,22.0,,,,,21.0,,,,8.0,12.0,11.0,7.0,,,,,,,17.0,,,,,3.0,,,24.0,5.0,,20.0
2012-06-30 00:00:00+00:00,,,,1.0,,,,7.0,,,,,,,,,,,,,12.0,,,,,,,,,,,15.0,,,,4.0,3.0,,,,13.0,,,,5.0,,,,,,,,9.0,,,14.0,,,,10.0,11.0,8.0,6.0,,,,,,,,,,,,2.0,,,16.0,,,
2012-07-31 00:00:00+00:00,,,,,,,,11.0,,,,,,,,,,,,,2.0,,,,,,,1.0,,,,,,,,,5.0,,,,,,,4.0,3.0,,,,,,,,12.0,,,10.0,,,,14.0,,6.0,7.0,,,,,,,,,,,,9.0,,,13.0,,8.0,
2012-08-31 00:00:00+00:00,2.0,,,,,,,10.0,11.0,8.0,,,,,,7.0,,,,,1.0,,,,,,,,,,,,9.0,,15.0,,,,,,,,,5.0,12.0,,,18.0,,,,13.0,20.0,,,,,,,19.0,,17.0,14.0,3.0,,,,,,6.0,,,,,16.0,,,,,4.0,
2012-09-30 00:00:00+00:00,11.0,,3.0,15.0,,,,43.0,20.0,25.0,4.0,,,1.0,,9.0,21.0,,26.0,,28.0,31.0,,,32.0,44.0,,,,35.0,,2.0,29.0,8.0,30.0,7.0,,,,13.0,,,39.0,23.0,37.0,22.0,36.0,14.0,,,19.0,38.0,,41.0,27.0,,42.0,33.0,34.0,,18.0,40.0,45.0,46.0,,6.0,,,5.0,16.0,,12.0,,,17.0,10.0,,,24.0,,
2012-10-31 00:00:00+00:00,23.0,,10.0,20.0,,,,,,36.0,14.0,,,13.0,,4.0,12.0,,8.0,,25.0,30.0,,,,29.0,,,,21.0,,1.0,39.0,2.0,,7.0,,,,11.0,,,26.0,17.0,,18.0,,35.0,6.0,,24.0,34.0,,31.0,5.0,,33.0,27.0,16.0,,15.0,40.0,,38.0,,37.0,,,,32.0,28.0,,41.0,,9.0,22.0,,,,19.0,3.0
2012-11-30 00:00:00+00:00,,,,,,,,,,,,,,12.0,,7.0,,,5.0,,4.0,,,,,,,,,,,2.0,,,,,,,,,,,,,,,,,6.0,,10.0,,,,1.0,,,,,,11.0,,,,,,,,,,9.0,,,,,,,,,8.0,3.0
2012-12-31 00:00:00+00:00,,,,,,2.0,,,,,,5.0,1.0,,,11.0,,,,,10.0,,12.0,,,,,,,,,4.0,,,,,,,,,9.0,,,,,,,,,,,,,8.0,7.0,,,,,,,,,,,,,3.0,,,,,,,,,,,,,6.0
2013-01-31 00:00:00+00:00,,,,,,2.0,3.0,,,,13.0,7.0,1.0,,8.0,,,,9.0,,,,,,,16.0,4.0,,,,14.0,17.0,,,,15.0,,,,,,,,,,,,,,,,,,11.0,12.0,6.0,,,,,,,,,,,,,,,,,10.0,,,,,,,,5.0
2013-02-28 00:00:00+00:00,,,14.0,29.0,,22.0,33.0,,,32.0,27.0,24.0,1.0,,18.0,,20.0,,19.0,,,,,17.0,,21.0,7.0,,2.0,6.0,31.0,5.0,,,,,,10.0,,4.0,,25.0,12.0,,,,,,,,,,,26.0,30.0,8.0,9.0,28.0,,,,15.0,,,16.0,,,,,,23.0,,3.0,,,,,,13.0,,11.0
2013-03-31 00:00:00+00:00,,44.0,17.0,59.0,,27.0,22.0,25.0,39.0,34.0,57.0,14.0,1.0,,38.0,40.0,51.0,55.0,30.0,,,58.0,,53.0,26.0,63.0,48.0,13.0,10.0,47.0,56.0,8.0,31.0,,28.0,,,52.0,50.0,54.0,18.0,21.0,29.0,19.0,,46.0,7.0,,,12.0,49.0,23.0,20.0,62.0,36.0,16.0,9.0,45.0,,,33.0,2.0,,3.0,61.0,43.0,6.0,,37.0,32.0,42.0,35.0,11.0,,4.0,24.0,,5.0,41.0,15.0,60.0
2013-04-30 00:00:00+00:00,,9.0,35.0,,,,2.0,26.0,44.0,,,8.0,,,33.0,32.0,48.0,,31.0,,6.0,42.0,,,11.0,47.0,,1.0,10.0,39.0,18.0,4.0,17.0,,28.0,,,,27.0,,25.0,,34.0,23.0,,43.0,36.0,,,13.0,38.0,19.0,21.0,20.0,,22.0,16.0,,,14.0,,3.0,,5.0,46.0,40.0,29.0,15.0,,37.0,,,30.0,,41.0,7.0,,24.0,,12.0,45.0
2013-05-31 00:00:00+00:00,,6.0,18.0,,9.0,,1.0,31.0,,25.0,,33.0,,,,28.0,,12.0,23.0,,26.0,,,,37.0,,,2.0,10.0,,13.0,8.0,19.0,,22.0,3.0,,,21.0,,,,,36.0,14.0,,,,,24.0,,16.0,35.0,17.0,,34.0,29.0,,27.0,32.0,,4.0,,15.0,,,20.0,30.0,,,,,,,,7.0,,11.0,,5.0,
2013-06-30 00:00:00+00:00,,29.0,22.0,,32.0,,1.0,39.0,,38.0,14.0,,7.0,,,,,35.0,26.0,2.0,,,,9.0,43.0,,41.0,5.0,3.0,30.0,17.0,20.0,31.0,,33.0,8.0,13.0,,,,27.0,,28.0,,,36.0,,,37.0,,,34.0,,21.0,16.0,,42.0,,40.0,19.0,,23.0,24.0,12.0,,,10.0,25.0,,,,,6.0,,,15.0,,11.0,18.0,4.0,
2013-07-31 00:00:00+00:00,,29.0,39.0,11.0,32.0,,2.0,,21.0,35.0,18.0,,27.0,4.0,,,,40.0,30.0,38.0,,,,14.0,,20.0,28.0,,9.0,15.0,7.0,,36.0,,,,,24.0,,3.0,12.0,,13.0,,,33.0,,,,,,26.0,,31.0,34.0,,,16.0,,25.0,,,,6.0,,,10.0,22.0,,,,,8.0,1.0,5.0,23.0,,37.0,17.0,19.0,
2013-08-31 00:00:00+00:00,,,,24.0,,,1.0,,14.0,34.0,16.0,36.0,3.0,39.0,12.0,41.0,,,35.0,,,29.0,,10.0,,31.0,42.0,,18.0,33.0,15.0,8.0,27.0,,,,,38.0,,7.0,17.0,,30.0,,,40.0,,26.0,,,23.0,19.0,,44.0,22.0,21.0,,,,32.0,,,28.0,43.0,,,20.0,11.0,25.0,,5.0,,9.0,2.0,6.0,,,37.0,13.0,4.0,
2013-09-30 00:00:00+00:00,14.0,,,40.0,13.0,1.0,2.0,,,43.0,,18.0,3.0,,39.0,24.0,25.0,,46.0,,36.0,34.0,,8.0,35.0,31.0,,,,29.0,26.0,45.0,47.0,,33.0,,,,,10.0,38.0,,44.0,,,,23.0,28.0,,,21.0,42.0,,41.0,22.0,27.0,,,,12.0,,,16.0,30.0,,15.0,32.0,7.0,37.0,17.0,9.0,,20.0,5.0,19.0,4.0,,,11.0,6.0,
2013-10-31 00:00:00+00:00,37.0,,,1.0,40.0,3.0,43.0,,4.0,,,6.0,9.0,,30.0,,34.0,,,,16.0,19.0,,23.0,,,,,,,17.0,7.0,,,,5.0,,14.0,18.0,10.0,42.0,29.0,,,,,,21.0,39.0,,22.0,32.0,,,38.0,27.0,,,36.0,26.0,,12.0,20.0,15.0,,,,28.0,2.0,25.0,8.0,33.0,,11.0,31.0,24.0,,13.0,41.0,35.0,
2013-11-30 00:00:00+00:00,5.0,10.0,,2.0,25.0,33.0,44.0,,28.0,,,29.0,6.0,34.0,23.0,17.0,19.0,,,,38.0,13.0,,9.0,,,45.0,,1.0,22.0,35.0,7.0,,,,42.0,,37.0,21.0,15.0,39.0,16.0,,,,,,31.0,,,26.0,27.0,,,12.0,40.0,32.0,,18.0,36.0,,3.0,30.0,43.0,,,,,24.0,14.0,8.0,,,11.0,,20.0,,,41.0,4.0,
2013-12-31 00:00:00+00:00,39.0,36.0,20.0,19.0,,,,43.0,6.0,42.0,,16.0,13.0,4.0,21.0,31.0,27.0,26.0,37.0,,,22.0,,33.0,35.0,28.0,45.0,,2.0,,38.0,29.0,23.0,,24.0,,,44.0,17.0,18.0,,3.0,7.0,34.0,40.0,,,41.0,,,9.0,32.0,,,12.0,,30.0,,10.0,,,15.0,,,,,,,25.0,11.0,8.0,,,14.0,1.0,,,,,5.0,
2014-01-31 00:00:00+00:00,26.0,36.0,7.0,21.0,,,,,2.0,,,22.0,38.0,6.0,37.0,13.0,35.0,34.0,30.0,,,19.0,,28.0,17.0,40.0,,,8.0,,,15.0,41.0,1.0,32.0,,4.0,,20.0,5.0,,12.0,31.0,,39.0,,,16.0,,,29.0,23.0,,,18.0,,,,10.0,,,14.0,,,,,33.0,,,27.0,25.0,9.0,,11.0,,,,,,3.0,24.0
2014-02-28 00:00:00+00:00,,,19.0,,,6.0,,,9.0,,,14.0,,13.0,,29.0,26.0,30.0,25.0,,,,7.0,,,,,,20.0,,,18.0,,5.0,,,17.0,,16.0,3.0,,22.0,24.0,,,28.0,,10.0,,,27.0,,,12.0,31.0,,,,11.0,,21.0,8.0,,,,,15.0,1.0,,,23.0,4.0,,,,,,32.0,,2.0,
2014-03-31 00:00:00+00:00,,,25.0,,7.0,27.0,4.0,,10.0,,,28.0,15.0,,,41.0,21.0,,23.0,,40.0,,3.0,,,,,20.0,9.0,,,37.0,,26.0,,,29.0,,11.0,1.0,14.0,32.0,18.0,13.0,,39.0,36.0,19.0,,2.0,38.0,,12.0,6.0,35.0,,,24.0,33.0,,30.0,22.0,,,,,16.0,17.0,,,34.0,8.0,5.0,,,,,,,31.0,
2014-04-30 00:00:00+00:00,,16.0,,,17.0,21.0,34.0,,8.0,,,29.0,,,24.0,,18.0,,,,,,13.0,,,33.0,,,,7.0,,,,15.0,,,,14.0,6.0,9.0,12.0,,22.0,20.0,10.0,,31.0,26.0,,3.0,,,19.0,32.0,4.0,,23.0,27.0,2.0,,,,,,11.0,,28.0,,5.0,,,1.0,30.0,,,,,,,25.0,
2014-05-31 00:00:00+00:00,,18.0,,,,,27.0,17.0,10.0,,8.0,,,,22.0,,25.0,11.0,,,,,,,,24.0,3.0,,,,,,,,16.0,,,,6.0,15.0,,,20.0,14.0,13.0,,,,,7.0,,,19.0,,4.0,,5.0,26.0,9.0,,,,,,21.0,,23.0,,12.0,,,1.0,2.0,,,,,,,,
2014-06-30 00:00:00+00:00,8.0,21.0,,,,,,20.0,5.0,,16.0,,,,,,22.0,6.0,,,,,,,19.0,,4.0,,1.0,,,,,,11.0,,,,9.0,10.0,,,,24.0,13.0,,,14.0,,25.0,,,23.0,,17.0,,12.0,,15.0,,,,,3.0,,,,,18.0,,,7.0,2.0,,,,,,,,
2014-07-31 00:00:00+00:00,11.0,13.0,,,,,,23.0,38.0,25.0,26.0,,16.0,35.0,19.0,24.0,,2.0,39.0,,,33.0,,,28.0,,6.0,,7.0,15.0,,8.0,20.0,,36.0,,,,10.0,34.0,,27.0,,29.0,22.0,,,18.0,,,31.0,,,,30.0,,32.0,37.0,,21.0,,9.0,,12.0,,,,,14.0,,,4.0,17.0,3.0,,,1.0,5.0,,,
2014-08-31 00:00:00+00:00,21.0,19.0,43.0,,,11.0,7.0,38.0,12.0,18.0,44.0,22.0,20.0,,,39.0,,14.0,,,9.0,37.0,10.0,,,,25.0,45.0,33.0,41.0,50.0,1.0,27.0,29.0,49.0,2.0,,16.0,17.0,46.0,40.0,42.0,,,32.0,,28.0,,,,31.0,36.0,,,15.0,,,47.0,,48.0,,35.0,,34.0,,24.0,,26.0,,8.0,,6.0,,5.0,,3.0,4.0,13.0,30.0,23.0,
2014-09-30 00:00:00+00:00,31.0,22.0,34.0,,,28.0,8.0,30.0,3.0,14.0,,,13.0,,,23.0,,42.0,,,9.0,27.0,36.0,,,,19.0,35.0,21.0,,39.0,5.0,25.0,1.0,,4.0,,16.0,29.0,,,,,,17.0,,40.0,,,,10.0,18.0,,,11.0,,,,,,26.0,24.0,,33.0,,38.0,,32.0,,37.0,,15.0,,7.0,,2.0,20.0,41.0,6.0,12.0,
2014-10-31 00:00:00+00:00,17.0,21.0,,,,25.0,23.0,19.0,7.0,11.0,,,18.0,,,,,,,,2.0,,20.0,,,,,,,,,16.0,8.0,1.0,,5.0,4.0,,,,,,,,6.0,,26.0,,,,10.0,9.0,,,12.0,,,,,,,,13.0,,,,,22.0,,24.0,,,,,,3.0,,15.0,,14.0,
2014-11-30 00:00:00+00:00,11.0,20.0,,,,23.0,,21.0,19.0,12.0,,,,,,,,,,,3.0,,16.0,,,,,22.0,,,,,6.0,1.0,10.0,7.0,8.0,,,,,,,15.0,9.0,,,,,18.0,14.0,17.0,,,13.0,,,,,2.0,,,4.0,,,,,,,,,,,,,,,5.0,,,
2014-12-31 00:00:00+00:00,41.0,43.0,,,,,,46.0,5.0,32.0,12.0,,,,13.0,,,,38.0,,30.0,36.0,25.0,,,,40.0,21.0,,,,,26.0,19.0,44.0,45.0,23.0,,18.0,9.0,17.0,28.0,,29.0,35.0,34.0,7.0,31.0,1.0,39.0,16.0,42.0,22.0,14.0,24.0,,6.0,27.0,,8.0,,,11.0,,,,,,,33.0,10.0,2.0,3.0,47.0,,20.0,,37.0,15.0,4.0,
2015-01-31 00:00:00+00:00,32.0,50.0,,,26.0,,,46.0,7.0,27.0,18.0,34.0,,,56.0,,,19.0,42.0,,,,52.0,,24.0,47.0,43.0,9.0,,54.0,15.0,,39.0,6.0,,40.0,29.0,,53.0,23.0,8.0,48.0,,41.0,17.0,51.0,13.0,36.0,1.0,55.0,16.0,49.0,22.0,45.0,44.0,,12.0,37.0,,14.0,30.0,2.0,33.0,28.0,,21.0,11.0,,,,20.0,4.0,3.0,57.0,25.0,10.0,,31.0,38.0,5.0,35.0
2015-02-28 00:00:00+00:00,,,,,,,,,2.0,19.0,,,,,21.0,,,,30.0,,,,,,,25.0,,,,29.0,11.0,,,9.0,,,3.0,,,15.0,22.0,,12.0,28.0,17.0,23.0,14.0,24.0,1.0,,26.0,,31.0,,,,18.0,,,8.0,,5.0,13.0,,,,10.0,,,,7.0,4.0,6.0,,,,,16.0,,20.0,27.0
2015-03-31 00:00:00+00:00,16.0,,,5.0,,,,,6.0,19.0,,,2.0,21.0,27.0,,,,32.0,,,,,,,9.0,,,,,24.0,,,14.0,,,11.0,,,1.0,12.0,,26.0,,33.0,25.0,23.0,31.0,30.0,,28.0,,,,,17.0,10.0,,,13.0,,8.0,20.0,,,,18.0,,,,15.0,4.0,7.0,,,,3.0,,,22.0,29.0
2015-04-30 00:00:00+00:00,30.0,,,7.0,9.0,,,,8.0,36.0,,42.0,,18.0,20.0,,,,38.0,15.0,,21.0,,24.0,,13.0,,,,,14.0,,,17.0,,,4.0,,26.0,1.0,12.0,27.0,33.0,,31.0,40.0,5.0,,,,37.0,35.0,,,,6.0,11.0,,,41.0,32.0,29.0,23.0,16.0,,34.0,,,10.0,39.0,19.0,3.0,28.0,,,,2.0,,,22.0,25.0
2015-05-31 00:00:00+00:00,,,,6.0,,,,,12.0,,,,,3.0,,,,,,,,13.0,,,,7.0,,,,,11.0,,,2.0,,1.0,,,,16.0,18.0,,,,,10.0,8.0,,,,,,,,,21.0,17.0,9.0,,,20.0,,,22.0,,,,,19.0,,,15.0,14.0,,,,5.0,,,4.0,
2015-06-30 00:00:00+00:00,,13.0,,4.0,,,1.0,,,,,,3.0,7.0,,,,,,,,28.0,,,8.0,20.0,,,,,17.0,12.0,,10.0,,16.0,,,,21.0,25.0,,,,,18.0,15.0,,,,,,,19.0,,27.0,,22.0,,,,,,,,,,,24.0,,,11.0,9.0,,14.0,23.0,26.0,2.0,5.0,6.0,
2015-07-31 00:00:00+00:00,,,,,,,11.0,,24.0,,,21.0,1.0,9.0,,,,,,,,17.0,,,6.0,,,,,,7.0,13.0,,5.0,,10.0,,,,20.0,12.0,,,,,19.0,3.0,,,,18.0,,,,,25.0,,22.0,,,8.0,,,,,16.0,,,,,,26.0,4.0,,14.0,23.0,,15.0,,2.0,
2015-08-31 00:00:00+00:00,,,,,,17.0,3.0,,,,,2.0,4.0,16.0,,15.0,,,,,,,,,6.0,,,,,,8.0,12.0,,7.0,,11.0,,,,,14.0,,,,,13.0,5.0,,,,,,,,,,,,,,9.0,,,,,19.0,,,,,,,10.0,,18.0,,,,,1.0,
2015-09-30 00:00:00+00:00,,,1.0,16.0,,7.0,,,,,,,9.0,3.0,,,,,,,,,,8.0,13.0,,,,,,,,,,,,,,,,11.0,,,12.0,14.0,,,2.0,,,,,4.0,,,,,,,,15.0,,,6.0,,,,,,5.0,,,,,,,,,,10.0,
2015-10-31 00:00:00+00:00,,,,2.0,1.0,,,,,,,,,7.0,,,,,,,,,,4.0,12.0,,,,,,,,,,,,,,,,6.0,,,9.0,5.0,,,11.0,,,,,10.0,,,,,,,,,,,,,,,,,3.0,,,,,,,,,,8.0,
2015-11-30 00:00:00+00:00,,,5.0,3.0,1.0,,,,,10.0,,11.0,,,4.0,,,6.0,,,,,,15.0,,,,,,,13.0,,12.0,,,,,,,,16.0,,9.0,,7.0,,,,,,14.0,8.0,17.0,,,,,,,,,,,,,,,,,2.0,,,,,,,,,,,
2015-12-31 00:00:00+00:00,,19.0,11.0,8.0,6.0,28.0,,22.0,,24.0,,14.0,,,10.0,,,17.0,31.0,1.0,21.0,,,,,,15.0,,,7.0,25.0,,27.0,,,30.0,,13.0,,,,5.0,29.0,,23.0,,,,,,20.0,26.0,,,,,,,,,,,,,16.0,,,,,9.0,,,,3.0,12.0,,4.0,2.0,,,18.0
2016-01-31 00:00:00+00:00,,14.0,13.0,,4.0,8.0,,,,,,,,,,,,,,11.0,,,5.0,,,,,,,12.0,,,,,,,3.0,,,,,,,,2.0,,,,,,,,,,,,,,,9.0,,,10.0,,,,,,,,,,,1.0,,7.0,15.0,6.0,,,
2016-02-29 00:00:00+00:00,,,,,,,,,,,,,,,,,,,,,,,3.0,,,,,,,,,,,,,,,,,,,,,2.0,,,,,1.0,,,,,,,,,,,4.0,,,5.0,,,,,,,,,,,,,,,,,,
2016-03-31 00:00:00+00:00,,,,,,,,,,,,,,,,,,,,,,,6.0,,,,,,,,,,,,,,,,,,,,,4.0,,,,,3.0,2.0,,,5.0,,,,,,,,,,,,1.0,,,,,,,,,,,,,,,,
2016-04-30 00:00:00+00:00,,,,,,,,,,,,,,,,12.0,20.0,,7.0,,,14.0,3.0,,,,,,,15.0,,,21.0,,,,,,22.0,,25.0,,,16.0,,13.0,,2.0,10.0,5.0,,,19.0,11.0,17.0,,,9.0,,,,,24.0,1.0,18.0,,8.0,,,,,,,,4.0,,,,23.0,,6.0
2016-05-31 00:00:00+00:00,,,,3.0,2.0,,20.0,23.0,,,,18.0,,,16.0,19.0,,,27.0,1.0,,21.0,12.0,,,,22.0,,,4.0,,,38.0,,,,,26.0,31.0,10.0,34.0,,15.0,30.0,,13.0,5.0,8.0,37.0,24.0,14.0,,35.0,28.0,,29.0,,17.0,,,,,33.0,9.0,25.0,,36.0,,,,,,,,11.0,6.0,,,32.0,,7.0
2016-06-30 00:00:00+00:00,,,,5.0,2.0,22.0,,,,,,29.0,,16.0,17.0,28.0,,,20.0,3.0,31.0,15.0,18.0,,19.0,,,,,8.0,,,,,,,1.0,30.0,,24.0,,,26.0,9.0,11.0,14.0,27.0,7.0,,,13.0,,,21.0,,23.0,,25.0,,,,,,4.0,,,,,,,,,,,10.0,12.0,,,,,6.0
2016-07-31 00:00:00+00:00,,,,23.0,3.0,31.0,,,,,,,,14.0,8.0,,12.0,,,2.0,,30.0,19.0,,,,,11.0,7.0,16.0,,,,,,,22.0,25.0,,,,,15.0,26.0,21.0,24.0,32.0,6.0,4.0,,13.0,17.0,28.0,,,,,18.0,,20.0,,,,33.0,,,,,,,,,27.0,,9.0,10.0,,5.0,,1.0,29.0
2016-08-31 00:00:00+00:00,,,,27.0,3.0,,,35.0,15.0,40.0,17.0,,,20.0,18.0,30.0,11.0,19.0,,1.0,,33.0,32.0,,,,21.0,16.0,7.0,5.0,,,38.0,,,,41.0,34.0,26.0,,36.0,,9.0,43.0,39.0,22.0,,4.0,28.0,,6.0,25.0,44.0,,,31.0,42.0,,13.0,37.0,,,,8.0,,,,,,,,,23.0,,12.0,2.0,,10.0,24.0,14.0,29.0
2016-09-30 00:00:00+00:00,10.0,44.0,36.0,16.0,2.0,33.0,,,23.0,,39.0,,,41.0,27.0,51.0,15.0,21.0,,7.0,47.0,,35.0,19.0,,29.0,34.0,50.0,1.0,11.0,,,,,26.0,42.0,,,,,46.0,,9.0,,43.0,24.0,,6.0,,,37.0,49.0,,30.0,45.0,48.0,,,31.0,,25.0,22.0,28.0,18.0,,40.0,14.0,12.0,13.0,,,8.0,17.0,,20.0,5.0,,3.0,38.0,4.0,32.0
2016-10-31 00:00:00+00:00,29.0,22.0,38.0,24.0,7.0,11.0,,,42.0,,20.0,18.0,,21.0,27.0,,10.0,30.0,,,,,19.0,44.0,,32.0,31.0,,36.0,16.0,,,,14.0,5.0,,,,,4.0,,37.0,17.0,,,12.0,,28.0,,,26.0,,,43.0,34.0,,,,,,33.0,13.0,40.0,6.0,,25.0,23.0,15.0,2.0,,,45.0,9.0,35.0,41.0,1.0,8.0,3.0,,,39.0
2016-11-30 00:00:00+00:00,12.0,,,,1.0,,,,,,,13.0,3.0,,,,14.0,,,,,,,15.0,,,8.0,,11.0,,,,,7.0,4.0,,,,,5.0,,6.0,,,,,,,,,,,,,,,,,,,,,,,,,10.0,,2.0,,,,,,,,,9.0,,,
2016-12-31 00:00:00+00:00,,13.0,,,1.0,,,,,,,,4.0,5.0,,,15.0,,,,,,,14.0,,8.0,9.0,,2.0,,,,,,3.0,,,12.0,,6.0,,,,,,,,,,,,,,,7.0,,,,,,,,,,,,11.0,,10.0,,,,,,,,,,,,
2017-01-31 00:00:00+00:00,,16.0,,,4.0,,,,,9.0,,,,6.0,22.0,12.0,,,,1.0,,24.0,,,,23.0,10.0,,3.0,8.0,26.0,,28.0,,2.0,,,14.0,11.0,,,,17.0,,,,,5.0,,,18.0,,,7.0,29.0,,25.0,,,,,,19.0,,15.0,27.0,13.0,,20.0,,,,,,,,,,,,21.0
2017-02-28 00:00:00+00:00,,35.0,,,37.0,,5.0,,4.0,28.0,,,,19.0,27.0,26.0,,,23.0,11.0,,22.0,,,34.0,8.0,18.0,,17.0,12.0,,,36.0,,1.0,,,6.0,33.0,,,14.0,10.0,25.0,31.0,,,2.0,3.0,32.0,,,24.0,29.0,30.0,,,,,,9.0,,,16.0,20.0,7.0,13.0,,,,,,,,,,,,15.0,,21.0
2017-03-31 00:00:00+00:00,5.0,44.0,46.0,27.0,,23.0,18.0,30.0,15.0,47.0,21.0,10.0,40.0,35.0,34.0,49.0,,,41.0,1.0,39.0,48.0,12.0,14.0,,19.0,16.0,,2.0,13.0,,,55.0,,45.0,,,11.0,22.0,,,43.0,26.0,38.0,33.0,7.0,8.0,3.0,,54.0,,,29.0,50.0,53.0,,,,,,28.0,,,42.0,52.0,17.0,37.0,51.0,,36.0,,25.0,24.0,56.0,,6.0,20.0,9.0,31.0,4.0,32.0
2017-04-30 00:00:00+00:00,22.0,27.0,21.0,20.0,,15.0,9.0,40.0,33.0,55.0,52.0,14.0,48.0,35.0,42.0,57.0,,,31.0,56.0,38.0,,10.0,6.0,,47.0,3.0,1.0,4.0,11.0,,,,,,,23.0,18.0,17.0,44.0,,28.0,45.0,49.0,34.0,46.0,12.0,13.0,,53.0,43.0,,37.0,,,,,32.0,41.0,,26.0,,,30.0,51.0,7.0,54.0,50.0,,24.0,29.0,25.0,19.0,,2.0,8.0,5.0,36.0,16.0,,39.0
2017-05-31 00:00:00+00:00,26.0,25.0,13.0,14.0,,29.0,5.0,38.0,16.0,,44.0,20.0,,35.0,45.0,,,,33.0,,,,11.0,31.0,,,9.0,1.0,28.0,12.0,19.0,,,,,6.0,30.0,24.0,15.0,37.0,,4.0,17.0,32.0,,39.0,,27.0,,,42.0,,34.0,,,,,23.0,21.0,,,,,43.0,,10.0,,,,36.0,18.0,22.0,8.0,,3.0,2.0,7.0,,41.0,,40.0
2017-06-30 00:00:00+00:00,31.0,29.0,16.0,17.0,,25.0,3.0,36.0,19.0,,,18.0,27.0,22.0,,37.0,,,23.0,,,,5.0,21.0,,,40.0,12.0,13.0,32.0,28.0,,,,15.0,1.0,,33.0,14.0,26.0,,9.0,30.0,34.0,,,,39.0,,,,,35.0,,,,,38.0,7.0,,,,,,,10.0,,,,24.0,4.0,20.0,6.0,,2.0,11.0,8.0,,,,
2017-07-31 00:00:00+00:00,,27.0,42.0,17.0,5.0,8.0,4.0,31.0,28.0,,,25.0,22.0,,,,,,21.0,,,12.0,34.0,11.0,,,16.0,1.0,19.0,33.0,,,,9.0,18.0,32.0,30.0,,40.0,26.0,,38.0,36.0,44.0,,,,,,15.0,,,35.0,,13.0,,,29.0,43.0,,37.0,,,,,20.0,,39.0,,10.0,14.0,,23.0,3.0,2.0,7.0,6.0,24.0,,,41.0
2017-08-31 00:00:00+00:00,,22.0,,,9.0,8.0,,,26.0,,,16.0,,,,,,,27.0,,23.0,,17.0,,,,,2.0,,,,3.0,18.0,11.0,,,13.0,,,28.0,,,,,,,,,7.0,25.0,24.0,,20.0,,12.0,,,6.0,,,,,,,,,,29.0,,10.0,19.0,,14.0,1.0,5.0,,15.0,21.0,4.0,,
2017-09-30 00:00:00+00:00,20.0,19.0,,,9.0,21.0,,,,,,26.0,3.0,,,,,,17.0,,15.0,,6.0,,,,,4.0,,,,12.0,18.0,,,,24.0,,,25.0,,,,,,13.0,,,22.0,29.0,10.0,,28.0,,8.0,,,11.0,,,,5.0,,23.0,,,,,,14.0,16.0,,27.0,1.0,2.0,,,,7.0,,
2017-10-31 00:00:00+00:00,40.0,15.0,,,6.0,,,,,,23.0,,,,9.0,,,3.0,34.0,,37.0,19.0,11.0,,,13.0,4.0,,1.0,5.0,,42.0,,17.0,,,35.0,,8.0,36.0,,26.0,18.0,41.0,,22.0,,,,31.0,21.0,,39.0,20.0,7.0,,,12.0,,14.0,28.0,24.0,27.0,,,,25.0,33.0,,30.0,32.0,,38.0,29.0,2.0,,,,10.0,,16.0
2017-11-30 00:00:00+00:00,,14.0,,,25.0,,,,,13.0,16.0,,,,24.0,,,6.0,28.0,,,31.0,12.0,,,42.0,32.0,,11.0,29.0,,,,15.0,,,20.0,38.0,9.0,39.0,23.0,18.0,40.0,26.0,,22.0,,,,17.0,10.0,19.0,30.0,35.0,7.0,,,21.0,36.0,5.0,,,4.0,,8.0,,3.0,34.0,,27.0,41.0,,,33.0,1.0,,,,37.0,,2.0
2017-12-31 00:00:00+00:00,25.0,32.0,29.0,18.0,42.0,39.0,,,31.0,10.0,11.0,12.0,,,15.0,,4.0,36.0,27.0,,,28.0,45.0,,,,37.0,,21.0,,22.0,,41.0,,,,17.0,,13.0,38.0,6.0,,,44.0,,35.0,23.0,,3.0,43.0,24.0,30.0,26.0,,20.0,14.0,,40.0,,7.0,,,1.0,,8.0,16.0,9.0,,,33.0,,,,,19.0,,,2.0,34.0,,5.0
2018-01-31 00:00:00+00:00,38.0,12.0,23.0,2.0,,29.0,,31.0,19.0,9.0,7.0,,,,17.0,,30.0,36.0,28.0,,,24.0,,,16.0,,,,,,33.0,,18.0,,15.0,,20.0,,8.0,27.0,5.0,,,,1.0,39.0,22.0,,4.0,,13.0,32.0,,,3.0,26.0,,,,11.0,,,10.0,,14.0,25.0,6.0,,,35.0,,,,,37.0,,,21.0,,,34.0
2018-02-28 00:00:00+00:00,,8.0,22.0,1.0,,26.0,,,,,4.0,,,,17.0,14.0,,,,,,10.0,,,9.0,,,,,,,,,,,,,,19.0,11.0,12.0,,,,3.0,,5.0,,16.0,,,,,,15.0,13.0,,,23.0,18.0,6.0,,20.0,,24.0,7.0,,,,,,,,,25.0,2.0,21.0,,,,
2018-03-31 00:00:00+00:00,,11.0,22.0,31.0,29.0,,25.0,,,,18.0,10.0,1.0,,26.0,,,,,5.0,,19.0,,17.0,,,,21.0,,,,13.0,,4.0,,,,,15.0,30.0,,,,,2.0,,3.0,14.0,6.0,,,,,,28.0,,,,32.0,,16.0,,,,12.0,24.0,,7.0,,,27.0,,23.0,,,20.0,8.0,,9.0,,
2018-04-30 00:00:00+00:00,,,,10.0,,,,,,,,9.0,7.0,,,,,,,,,,,4.0,,,,,13.0,,,,,1.0,,,,,,,,6.0,,,11.0,,8.0,,2.0,,,,,,,16.0,,,,,,,,,,,,14.0,,3.0,15.0,,12.0,,,,,,,,5.0
2018-05-31 00:00:00+00:00,,,,10.0,,,,,,,,5.0,9.0,,,,,,,,,,,16.0,,,,,11.0,,,,,6.0,,,,,,,,3.0,,,15.0,,4.0,,1.0,8.0,,,14.0,,,12.0,,,,,,,,,,,,13.0,,,,,,,,,,,,2.0,7.0
2018-06-30 00:00:00+00:00,4.0,,,,,,,,,17.0,,8.0,,,,,,21.0,,,,9.0,19.0,,,10.0,,,,,,,5.0,16.0,14.0,,,,,,15.0,,,,22.0,,12.0,,2.0,13.0,11.0,,,,,24.0,,7.0,20.0,,,,18.0,,,,,,23.0,3.0,,,,,,,,,,1.0,6.0
2018-07-31 00:00:00+00:00,18.0,20.0,13.0,14.0,,,,,,15.0,,30.0,21.0,,37.0,,19.0,,,2.0,16.0,29.0,10.0,,,35.0,,,38.0,,,,31.0,33.0,17.0,,,,,,8.0,,,,34.0,32.0,3.0,5.0,6.0,28.0,11.0,27.0,,,,22.0,,25.0,,,,4.0,9.0,,,24.0,,,,7.0,,,36.0,,12.0,,,,23.0,1.0,26.0
2018-08-31 00:00:00+00:00,5.0,19.0,33.0,10.0,,,7.0,37.0,,21.0,,38.0,,,,,9.0,,,1.0,25.0,30.0,13.0,,35.0,,,14.0,,,,,32.0,,15.0,6.0,29.0,,,,11.0,,,26.0,,12.0,3.0,17.0,4.0,31.0,18.0,34.0,23.0,,,22.0,,28.0,,,,8.0,20.0,,,36.0,,,,16.0,,,,,24.0,,,,39.0,2.0,27.0
2018-09-30 00:00:00+00:00,7.0,27.0,35.0,30.0,,,,36.0,,17.0,,,,6.0,,33.0,9.0,,26.0,2.0,19.0,23.0,13.0,,42.0,,,34.0,,,,38.0,14.0,,21.0,20.0,40.0,,,,10.0,,,39.0,1.0,43.0,4.0,44.0,5.0,24.0,16.0,31.0,25.0,,,18.0,22.0,45.0,32.0,,,8.0,15.0,11.0,41.0,28.0,,,,37.0,,,,,29.0,,,,,3.0,12.0
2018-10-31 00:00:00+00:00,10.0,32.0,,15.0,,,,,,,14.0,,,5.0,,,3.0,,24.0,1.0,13.0,31.0,25.0,,,,,,,,2.0,,17.0,21.0,8.0,6.0,,,,,7.0,,,26.0,,28.0,23.0,,22.0,19.0,,16.0,30.0,,,29.0,4.0,,18.0,,,,11.0,9.0,27.0,,,,,20.0,,,,,,,,,,12.0,
2018-11-30 00:00:00+00:00,,,,,,,,,,,,,,,,,,,,,,,,,,,,,,,1.0,,,,,,,,,,,,,4.0,,,,,6.0,,,,3.0,,,,2.0,,,,,,5.0,,,,,,,,,,,,,,,,,,
2018-12-31 00:00:00+00:00,,,,,,,1.0,,,,,,,,,,,,,,,,,,,,,,,,3.0,,,,,,,,,,,,,6.0,5.0,,,,,,,,7.0,,,,4.0,,,,,,,,,,,,,,,,,,,,,2.0,,,
2019-01-31 00:00:00+00:00,,,,,,,,,,,,,,,,,,,,,,,,,,,,,,,,,,,,,,,,,,,,5.0,6.0,,,,,4.0,,,7.0,,,,,,,2.0,,,,,,,,1.0,,,,,,,,,,3.0,,,
2019-02-28 00:00:00+00:00,,,,,,,,,6.0,,,,,,,,,,,,,,,,,1.0,,,,,,,,,,,,,,,,,2.0,,,,,,,7.0,,,,,,,,,,5.0,,,,,4.0,,,3.0,,,,,,,,,,8.0,,,
2019-03-31 00:00:00+00:00,,,47.0,,,33.0,,,17.0,,,41.0,49.0,,39.0,,,,22.0,2.0,,9.0,,,,23.0,13.0,43.0,32.0,36.0,29.0,,14.0,11.0,,50.0,,8.0,,38.0,,16.0,18.0,37.0,,7.0,12.0,42.0,46.0,45.0,31.0,19.0,34.0,35.0,27.0,,,1.0,,40.0,28.0,,,,26.0,20.0,15.0,30.0,21.0,24.0,48.0,10.0,44.0,,5.0,,4.0,,25.0,3.0,6.0
2019-04-30 00:00:00+00:00,5.0,11.0,51.0,7.0,17.0,6.0,,36.0,15.0,24.0,34.0,35.0,53.0,64.0,40.0,25.0,,66.0,22.0,13.0,,47.0,63.0,,45.0,32.0,12.0,,65.0,27.0,41.0,,55.0,46.0,37.0,,,26.0,43.0,19.0,33.0,42.0,23.0,56.0,58.0,10.0,29.0,8.0,9.0,59.0,44.0,31.0,60.0,62.0,67.0,18.0,,4.0,49.0,28.0,61.0,,,48.0,20.0,39.0,3.0,54.0,57.0,38.0,52.0,50.0,30.0,,2.0,1.0,14.0,,21.0,,16.0
2019-05-31 00:00:00+00:00,13.0,20.0,43.0,50.0,32.0,16.0,,21.0,11.0,47.0,35.0,28.0,44.0,41.0,39.0,25.0,2.0,,22.0,31.0,,,,,30.0,38.0,54.0,,,10.0,19.0,,29.0,14.0,37.0,,,,49.0,40.0,,27.0,48.0,42.0,,23.0,,7.0,4.0,52.0,6.0,12.0,51.0,55.0,,15.0,,34.0,,17.0,36.0,,33.0,26.0,53.0,45.0,9.0,,,18.0,,46.0,,,24.0,5.0,3.0,,8.0,,1.0
2019-06-30 00:00:00+00:00,,26.0,,34.0,,16.0,,25.0,,9.0,,17.0,,38.0,,27.0,1.0,,31.0,5.0,,,,,19.0,,,,,,4.0,,36.0,,32.0,,,,28.0,,,24.0,,22.0,15.0,6.0,,3.0,29.0,,8.0,33.0,12.0,,,23.0,,13.0,,,,,21.0,10.0,35.0,18.0,37.0,11.0,,14.0,,,,,30.0,2.0,,20.0,,,7.0
2019-07-31 00:00:00+00:00,,8.0,,,,16.0,,26.0,,6.0,,13.0,,28.0,,,,,25.0,4.0,,,,,18.0,,,,,,1.0,,24.0,,,,22.0,,7.0,,,,,29.0,14.0,5.0,,15.0,19.0,,2.0,27.0,23.0,,,9.0,,3.0,,,,,,21.0,,12.0,,20.0,,10.0,,,,,,17.0,,,,,11.0
2019-08-31 00:00:00+00:00,,23.0,,,,17.0,,,,2.0,,26.0,,25.0,,9.0,,,30.0,1.0,,8.0,,19.0,29.0,,,,,,3.0,,21.0,,,,,,16.0,,,,,28.0,,5.0,,22.0,27.0,,6.0,,12.0,,,7.0,,18.0,11.0,,13.0,,10.0,32.0,,15.0,,,,14.0,,,,,,24.0,20.0,,,4.0,31.0
2019-09-30 00:00:00+00:00,8.0,25.0,9.0,,20.0,,,,,21.0,,,,33.0,24.0,32.0,22.0,,,,3.0,7.0,,26.0,,,5.0,,6.0,27.0,28.0,,18.0,,,,,1.0,,11.0,,,,,,2.0,,19.0,16.0,,31.0,,12.0,,4.0,23.0,,,30.0,,,,10.0,,,17.0,14.0,,,,,,,,,,29.0,,15.0,13.0,
2019-10-31 00:00:00+00:00,3.0,,,,4.0,,,15.0,,11.0,,,,,12.0,14.0,8.0,,,,10.0,,,13.0,,,1.0,,,6.0,,,,,,,,5.0,,7.0,,,,17.0,,,,,,,16.0,,20.0,,,19.0,,,,,,,,,,18.0,,,,,,,,,,,,,2.0,,9.0
2019-11-30 00:00:00+00:00,1.0,,,,2.0,,,,,17.0,,,,,,19.0,15.0,,,,3.0,,12.0,,,,6.0,,,9.0,,,,,,,,18.0,,14.0,10.0,,,,,,,,4.0,,,,,,,,,,,,,,16.0,,11.0,5.0,,,,,,,,,,,,7.0,8.0,,13.0
2019-12-31 00:00:00+00:00,8.0,18.0,28.0,,15.0,21.0,3.0,,25.0,43.0,,,,,,,26.0,30.0,37.0,1.0,13.0,,27.0,,,,24.0,19.0,,23.0,,,,35.0,,10.0,,32.0,11.0,9.0,44.0,6.0,,,38.0,,2.0,,20.0,,,41.0,,34.0,40.0,,29.0,,36.0,,,42.0,33.0,31.0,39.0,14.0,,,,,,4.0,,5.0,16.0,,7.0,12.0,17.0,,22.0
2020-01-31 00:00:00+00:00,3.0,11.0,19.0,9.0,14.0,46.0,1.0,,43.0,,,6.0,16.0,,,,40.0,18.0,44.0,2.0,39.0,,37.0,,,,10.0,34.0,,35.0,,,45.0,42.0,25.0,51.0,13.0,33.0,38.0,22.0,,5.0,28.0,,31.0,,17.0,,23.0,,,48.0,,49.0,36.0,,,27.0,47.0,,,,50.0,21.0,,15.0,,,,20.0,,8.0,24.0,32.0,41.0,7.0,4.0,29.0,30.0,26.0,12.0
2020-02-29 00:00:00+00:00,4.0,45.0,13.0,48.0,7.0,21.0,1.0,,,,42.0,47.0,15.0,,,,,10.0,,32.0,,,,,12.0,,6.0,28.0,11.0,25.0,37.0,,26.0,,16.0,,8.0,22.0,46.0,29.0,,35.0,43.0,,,17.0,20.0,,3.0,,9.0,31.0,,,33.0,,,14.0,38.0,,,,27.0,40.0,,5.0,,39.0,,23.0,,44.0,41.0,19.0,,36.0,18.0,34.0,30.0,2.0,24.0
2020-03-31 00:00:00+00:00,,15.0,,12.0,11.0,,1.0,,,,,14.0,10.0,,,,,,,5.0,,,,,,,,13.0,,,,,,,,,,,,,,,,,,,,,,,,,,,6.0,3.0,,,,,,,,8.0,,,,,,,,,,,,9.0,7.0,4.0,,2.0,
2020-04-30 00:00:00+00:00,,,,,,,,,,,,,3.0,,,,,,,,,,,,,,,,,,,2.0,,,,1.0,,,,,,,,,,,,,,,,,,,,,,,,,,,,,,,,,,,,,,,,,,,,,
2020-05-31 00:00:00+00:00,,,,3.0,,,,,,,,,4.0,,,,,,,,,,,,,,,5.0,,,,6.0,,,,2.0,,,,,,,,,,,,,,,,,,,,,,,,,,,,,,,,,,,,,,,,,,,,1.0,
2020-06-30 00:00:00+00:00,,,,7.0,,,,,,,,,9.0,,,,,,,,10.0,,,,,,,12.0,,,,,,,,11.0,,,,,,,,,,3.0,,,,,,,,,,,,6.0,13.0,,1.0,,,,,,4.0,,,,,,8.0,,,,2.0,,,5.0,
2020-07-31 00:00:00+00:00,7.0,43.0,58.0,8.0,27.0,50.0,1.0,,30.0,,57.0,33.0,38.0,42.0,41.0,45.0,4.0,,54.0,,,55.0,16.0,62.0,,60.0,2.0,48.0,44.0,23.0,,,,52.0,59.0,46.0,37.0,32.0,,22.0,25.0,19.0,29.0,,39.0,28.0,3.0,5.0,26.0,,12.0,56.0,,14.0,34.0,21.0,,11.0,63.0,36.0,10.0,,,40.0,17.0,35.0,18.0,51.0,61.0,,,13.0,24.0,31.0,20.0,6.0,9.0,15.0,47.0,53.0,49.0
2020-08-31 00:00:00+00:00,3.0,38.0,18.0,11.0,2.0,7.0,1.0,,16.0,,,24.0,21.0,39.0,25.0,23.0,6.0,,44.0,,42.0,20.0,5.0,43.0,22.0,49.0,36.0,,57.0,46.0,,,,47.0,56.0,52.0,12.0,55.0,,19.0,29.0,60.0,51.0,,45.0,37.0,,26.0,10.0,,9.0,53.0,,15.0,13.0,31.0,,30.0,54.0,,50.0,,,14.0,27.0,28.0,35.0,41.0,61.0,,,34.0,40.0,59.0,17.0,32.0,4.0,33.0,58.0,48.0,8.0
2020-09-30 00:00:00+00:00,5.0,,33.0,20.0,3.0,10.0,1.0,39.0,8.0,18.0,,13.0,45.0,19.0,16.0,30.0,2.0,,,7.0,,37.0,38.0,,35.0,,,,,,,,,27.0,,,23.0,,,21.0,36.0,,,,42.0,44.0,,22.0,40.0,,14.0,,29.0,26.0,31.0,43.0,,34.0,25.0,,,,,15.0,41.0,17.0,,,,,12.0,11.0,,46.0,9.0,28.0,4.0,24.0,,32.0,6.0
2020-10-31 00:00:00+00:00,31.0,,,,5.0,25.0,1.0,,19.0,8.0,,13.0,,12.0,9.0,26.0,3.0,,11.0,18.0,,,17.0,,30.0,,,,,,21.0,,,,7.0,,27.0,,22.0,,,,,,,,,2.0,,,20.0,,16.0,,,29.0,,,,,,,,24.0,,23.0,6.0,14.0,,,10.0,28.0,,,,,15.0,,,,4.0
2020-11-30 00:00:00+00:00,,,,,,,,,13.0,18.0,,,,,9.0,,3.0,,5.0,,,,,,,6.0,,,,,8.0,,,,12.0,,,,,4.0,,,,,,17.0,,10.0,,,,7.0,20.0,,,,,,,,,,,,,,15.0,,,,11.0,,,14.0,1.0,2.0,16.0,,,,19.0
2020-12-31 00:00:00+00:00,,,21.0,,,,,,8.0,22.0,,,,,19.0,,7.0,,4.0,,,,,,,5.0,,,2.0,,9.0,,6.0,,15.0,,,,,11.0,,,,,,13.0,,10.0,,23.0,,18.0,,,,,,,,,,,,,,,12.0,,,,17.0,,,1.0,14.0,3.0,20.0,,,,16.0
2021-01-31 00:00:00+00:00,13.0,,24.0,,,,2.0,44.0,11.0,,17.0,,,48.0,36.0,28.0,47.0,,49.0,50.0,,27.0,41.0,51.0,,33.0,22.0,,5.0,8.0,30.0,,31.0,10.0,32.0,,35.0,18.0,45.0,39.0,,21.0,29.0,,37.0,9.0,7.0,26.0,40.0,53.0,,52.0,,,,19.0,3.0,15.0,,38.0,,,34.0,42.0,46.0,16.0,14.0,,23.0,,43.0,,,1.0,12.0,6.0,20.0,,4.0,,25.0
2021-02-28 00:00:00+00:00,24.0,,,,,,4.0,,19.0,,27.0,,,,26.0,,31.0,3.0,,33.0,,36.0,,,,28.0,15.0,,5.0,2.0,,,,34.0,,,30.0,14.0,,9.0,,17.0,23.0,,29.0,16.0,12.0,35.0,,,,,,,,,6.0,22.0,,,,,25.0,,,8.0,32.0,,10.0,,,13.0,20.0,1.0,21.0,7.0,,11.0,18.0,,
2021-03-31 00:00:00+00:00,,15.0,10.0,,,,,,21.0,,,,,,14.0,,,6.0,,,,19.0,,,,22.0,8.0,,11.0,1.0,,26.0,,,,,,7.0,,3.0,,,17.0,,,,2.0,24.0,,,,,,18.0,,,5.0,,,,12.0,20.0,,,,,,,23.0,,,4.0,,16.0,25.0,,,9.0,13.0,,
2021-04-30 00:00:00+00:00,,14.0,3.0,,,,,,17.0,,,,,,18.0,12.0,,4.0,,,,23.0,,13.0,,,16.0,,5.0,6.0,7.0,21.0,,,,,,22.0,11.0,20.0,,,9.0,,,,2.0,,,,,,,,1.0,,8.0,,,,15.0,,,,,,,,,,,19.0,,,,,,,10.0,,
2021-05-31 00:00:00+00:00,,16.0,4.0,,1.0,5.0,,25.0,,,26.0,13.0,,,32.0,14.0,,,18.0,,,2.0,6.0,,12.0,,7.0,,,11.0,29.0,,27.0,,30.0,,23.0,,,33.0,24.0,,,31.0,21.0,,3.0,,,19.0,,28.0,20.0,,8.0,,15.0,,,,,,22.0,,17.0,,,,,9.0,,,,,,,,,10.0,,
2021-06-30 00:00:00+00:00,,19.0,10.0,21.0,1.0,5.0,,28.0,,18.0,26.0,8.0,,12.0,,,,,22.0,,,3.0,17.0,,20.0,,35.0,,,,25.0,,24.0,,37.0,4.0,31.0,,,34.0,14.0,,,,30.0,,2.0,7.0,16.0,36.0,,11.0,23.0,,27.0,,33.0,,6.0,,,,,9.0,32.0,,,,,13.0,,,,,,,,,29.0,,15.0
2021-07-31 00:00:00+00:00,,16.0,17.0,36.0,7.0,23.0,,33.0,,14.0,30.0,8.0,,29.0,,,,,,2.0,,10.0,12.0,,38.0,35.0,,,,,,32.0,26.0,25.0,,11.0,,,,,22.0,,,,,18.0,4.0,9.0,5.0,,24.0,19.0,,,,,,,31.0,,27.0,6.0,,28.0,34.0,,3.0,,20.0,37.0,,,,,13.0,,,,15.0,1.0,21.0
2021-08-31 00:00:00+00:00,13.0,17.0,16.0,37.0,8.0,24.0,,30.0,27.0,11.0,18.0,15.0,22.0,40.0,,,35.0,,,2.0,,14.0,10.0,,,39.0,,,,,,32.0,34.0,6.0,,7.0,,,,,36.0,41.0,,,,4.0,1.0,23.0,31.0,20.0,33.0,29.0,,,,,,,,,19.0,9.0,,21.0,28.0,,25.0,,,,,38.0,,,12.0,,,,5.0,3.0,26.0
2021-09-30 00:00:00+00:00,45.0,15.0,12.0,,19.0,33.0,3.0,30.0,41.0,18.0,21.0,38.0,5.0,,,,44.0,,,8.0,,37.0,34.0,,,,,,,,27.0,46.0,,2.0,,9.0,25.0,26.0,,7.0,29.0,,,,,17.0,13.0,23.0,6.0,32.0,28.0,40.0,,,10.0,16.0,,24.0,,,14.0,,,42.0,39.0,35.0,43.0,20.0,,,11.0,,,,31.0,36.0,,,1.0,4.0,22.0
2021-10-31 00:00:00+00:00,,,,,3.0,,1.0,,12.0,9.0,,,4.0,,,,,,,,,15.0,19.0,10.0,,,,,,,,23.0,,2.0,,,,,,,,,,,,21.0,11.0,,,13.0,,,,,6.0,16.0,,14.0,,,,,,22.0,,,8.0,5.0,,,18.0,,,,17.0,20.0,,,,7.0,
2021-11-30 00:00:00+00:00,,,,,1.0,,3.0,,7.0,5.0,,,20.0,,18.0,,,,,,,6.0,,21.0,,23.0,,,,,,,,14.0,,,,,19.0,,,,,,,12.0,9.0,,,11.0,,8.0,,,4.0,13.0,,10.0,,,,,,,,,2.0,17.0,15.0,,22.0,,,,,,,,,16.0,
2021-12-31 00:00:00+00:00,,23.0,,,4.0,,8.0,22.0,3.0,7.0,,,31.0,,,,,,,6.0,,24.0,,,,32.0,,,,10.0,,,14.0,21.0,27.0,,,5.0,,,28.0,,,,29.0,12.0,,,,15.0,30.0,20.0,,17.0,19.0,26.0,,18.0,,1.0,,,,,11.0,25.0,2.0,,,9.0,16.0,,,,,,13.0,,,,
2022-01-31 00:00:00+00:00,9.0,,,,20.0,,3.0,14.0,15.0,11.0,,,,,,,28.0,,,27.0,,,,,6.0,,2.0,1.0,22.0,12.0,,,30.0,25.0,23.0,,,16.0,,26.0,21.0,,,13.0,10.0,,,,,5.0,,29.0,18.0,,,17.0,,,,7.0,,,,,24.0,,4.0,,,19.0,8.0,,,,,,,,,,
2022-02-28 00:00:00+00:00,7.0,,,,,,,12.0,,,,,,,,,,,,,5.0,,,,10.0,,,4.0,,,,,,,,,,,,,,,,2.0,3.0,,,,,1.0,,,9.0,8.0,,,6.0,,,,,,,,,,,,,,11.0,,,,,,,,,,
2022-03-31 00:00:00+00:00,,,,,,,,,,,,,,,,,,,,,5.0,,,,,,,3.0,,,,,,,,,,,,,,,,4.0,6.0,,,,,2.0,,,,,,,,,,,,,,,,,,,1.0,,,,,,,,,,,,
2022-04-30 00:00:00+00:00,,,,,,,,,,,,,,8.0,,,,,,,7.0,,,,,,,4.0,,,,,,,,,,,,,,,,2.0,,,,,,3.0,,,,,,,,,6.0,1.0,,,,,,,,,5.0,,,,,,,,,,,,
2022-05-31 00:00:00+00:00,,,,,,,,,,,,,,,,,,,,,6.0,,,,,,,4.0,,,,,10.0,,,8.0,,,,,,,,3.0,,,,,,2.0,,,5.0,,,,,,9.0,1.0,,,,,,,,,7.0,,,,,,,,,,,,
2022-06-30 00:00:00+00:00,,,,,,,,,,,,,,,,,,,,,,,,,,,,,,,,,,,,,1.0,,,,,,,,,,,,,,,,,,,,,,,,,,,,,,,,,,,,,,,,,,,,
2022-07-31 00:00:00+00:00,,,,,,,,,,,,,,,,,,,,,,,,,,,,,,,,,,,,,1.0,,,,,,,,,,,,,,,,,,,,,,,,,,,,,,,,,,,,,,,,,,,,
2022-08-31 00:00:00+00:00,,,,,,,,,,,,,,5.0,,,,,,,,,,,,,,1.0,,,2.0,,,,,,6.0,,,,,,,,,4.0,,,,,,,,,,,,3.0,,,,,,,,,,,,,,,,,,,7.0,,,,
2022-09-30 00:00:00+00:00,15.0,,,17.0,,,1.0,,,13.0,,,4.0,7.0,,,,,,,,16.0,,,,,,,,,12.0,,8.0,,,,,,,,10.0,,,,,2.0,,,,,14.0,,,6.0,,,,9.0,,,,,,,,,,,,,,,,,,3.0,,,,11.0,5.0
2022-10-31 00:00:00+00:00,,,,,,,,,,,,,5.0,,,,,,,,,,,,,,,,,,3.0,1.0,,,,,,,,,2.0,,,,,,,,,,,,,,,,,,,,,,,,,,,,,,,,,,,4.0,,,,,
2022-11-30 00:00:00+00:00,,,,,,,,,,,,,,,,,,,,,,,,,,,,5.0,,,3.0,2.0,,,,6.0,,,,,4.0,,,,,,,,,,,,,,,,,,,,,1.0,,,,,,,,,,,,,,,,,,,
2022-12-31 00:00:00+00:00,,,,,,,,10.0,,,,,15.0,14.0,,,,,13.0,,17.0,,4.0,,,,,12.0,,,2.0,6.0,,,,19.0,8.0,,,,18.0,,,,,,,3.0,,,,,,9.0,,,16.0,,,,,11.0,1.0,,,,,,7.0,,,,,,,,,,,5.0,
2023-01-31 00:00:00+00:00,,,,,1.0,,,,13.0,,37.0,14.0,2.0,,22.0,17.0,,,33.0,,36.0,,26.0,5.0,30.0,27.0,15.0,,,7.0,32.0,38.0,,,,,34.0,28.0,,12.0,39.0,,8.0,,,25.0,,9.0,,35.0,23.0,,,29.0,3.0,,41.0,20.0,40.0,,16.0,,19.0,,,18.0,,4.0,21.0,24.0,,6.0,,,,,10.0,,11.0,,31.0
2023-02-28 00:00:00+00:00,,,,,2.0,,,,15.0,,,20.0,22.0,,,23.0,,,,,,,,4.0,,18.0,,,,,21.0,,,,,,,25.0,,,,,,,,16.0,,10.0,,,,,,,7.0,,,8.0,,,17.0,,,,,5.0,,13.0,19.0,24.0,,6.0,,3.0,1.0,,12.0,9.0,14.0,,11.0
2023-03-31 00:00:00+00:00,,7.0,,27.0,1.0,2.0,,,15.0,,,,25.0,,,31.0,28.0,,,3.0,,20.0,,16.0,,9.0,18.0,,,19.0,34.0,,,,,,,,29.0,21.0,,,14.0,,,17.0,5.0,30.0,,,,,,23.0,24.0,,,12.0,,,33.0,,,,,6.0,,10.0,,,,13.0,,22.0,4.0,8.0,,32.0,26.0,,11.0
2023-04-30 00:00:00+00:00,5.0,2.0,,,3.0,1.0,16.0,,11.0,,27.0,,,,,,,,,7.0,,24.0,,14.0,,13.0,20.0,,,22.0,,,,10.0,,26.0,,,,9.0,,,23.0,,,21.0,17.0,,,,,,,,,,,12.0,,,,,,,18.0,19.0,,28.0,,,,25.0,,15.0,4.0,6.0,,,,,8.0
2023-05-31 00:00:00+00:00,12.0,6.0,9.0,,1.0,2.0,,23.0,3.0,,,,,,,,,,,5.0,,25.0,,21.0,16.0,,,20.0,,,,,,,,24.0,11.0,,,,15.0,,,,,7.0,17.0,,10.0,,14.0,,,,,8.0,,13.0,19.0,,,,,,,22.0,,,,,,,,,,18.0,,,,,4.0
2023-06-30 00:00:00+00:00,8.0,7.0,13.0,6.0,1.0,3.0,,30.0,2.0,,,,,,,17.0,,,,4.0,,,14.0,,29.0,,5.0,22.0,27.0,,,,,,,,20.0,,,,23.0,,,,,11.0,15.0,,9.0,,18.0,,,,,12.0,,16.0,24.0,,,26.0,,,19.0,,,,,25.0,,,28.0,,,21.0,,,,,10.0
2023-07-31 00:00:00+00:00,26.0,22.0,30.0,8.0,9.0,5.0,2.0,,16.0,17.0,,4.0,11.0,,,10.0,,,18.0,21.0,,,34.0,,32.0,,15.0,,,20.0,,,,28.0,29.0,,,19.0,6.0,,33.0,,,,,13.0,14.0,,,,25.0,,,7.0,,23.0,,36.0,,,,,,,31.0,,1.0,,3.0,37.0,12.0,,,,,,,,27.0,24.0,35.0
2023-08-31 00:00:00+00:00,,,20.0,24.0,11.0,32.0,15.0,,31.0,30.0,9.0,7.0,25.0,,,12.0,,27.0,,,,4.0,34.0,,,,10.0,,,14.0,,,6.0,35.0,,,,19.0,5.0,22.0,,,,,,,,28.0,,,26.0,13.0,,23.0,1.0,21.0,,,,,,,17.0,2.0,33.0,,,18.0,3.0,,8.0,,,,,,,16.0,,29.0,
2023-09-30 00:00:00+00:00,,,4.0,6.0,15.0,14.0,,,,22.0,19.0,5.0,,,,13.0,,,,,1.0,9.0,,23.0,,,27.0,,,20.0,,,21.0,,,2.0,,18.0,24.0,,,,,,8.0,,,,,,,17.0,,10.0,11.0,26.0,,,,,,,25.0,3.0,,,,16.0,28.0,,12.0,,,,,,,7.0,,,
2023-10-31 00:00:00+00:00,,,2.0,,,,,,,,4.0,,,,,,,,,,1.0,5.0,,6.0,,,,,,,,,,,,8.0,,,,,,,,,,,,,,,,,,,,9.0,,,,,,,,7.0,,,,,,,3.0,,,,,,,,,,
2023-11-30 00:00:00+00:00,,,,,,,,,,,,,,,,,,,,,2.0,,,,,,,,,,,,,,,,,,,,,,,,,1.0,,,,,,,,,,,,,,,,,,,,,,,,,,,,,,,,,,,
2023-12-31 00:00:00+00:00,,17.0,,16.0,,15.0,,,3.0,7.0,,18.0,,10.0,,,4.0,2.0,,1.0,12.0,,,,,,,11.0,6.0,,26.0,22.0,,,,,,9.0,,,27.0,,,,,25.0,,,5.0,,13.0,,21.0,14.0,,,,23.0,,,,,8.0,,20.0,,,,,,,,19.0,,,,,,,,24.0
2024-01-31 00:00:00+00:00,50.0,34.0,,19.0,3.0,2.0,,,7.0,10.0,,47.0,15.0,33.0,,,27.0,9.0,51.0,1.0,11.0,23.0,12.0,22.0,37.0,43.0,18.0,13.0,24.0,26.0,49.0,45.0,,4.0,25.0,,54.0,35.0,16.0,38.0,42.0,6.0,48.0,56.0,,52.0,,29.0,40.0,,28.0,46.0,53.0,20.0,,,36.0,32.0,,14.0,,,31.0,,17.0,,,8.0,,,30.0,39.0,55.0,,,21.0,,,5.0,41.0,44.0
2024-02-29 00:00:00+00:00,,25.0,33.0,15.0,1.0,3.0,,51.0,9.0,18.0,,46.0,7.0,43.0,45.0,,21.0,,,2.0,39.0,37.0,13.0,55.0,49.0,50.0,8.0,38.0,28.0,5.0,,,,11.0,26.0,16.0,42.0,10.0,23.0,24.0,20.0,31.0,53.0,,,,12.0,44.0,54.0,,40.0,,,14.0,,47.0,36.0,19.0,,32.0,30.0,,29.0,,22.0,17.0,6.0,34.0,,,41.0,35.0,48.0,,27.0,52.0,,,4.0,56.0,
2024-03-31 00:00:00+00:00,,26.0,,9.0,1.0,3.0,,,19.0,32.0,,,4.0,36.0,,,12.0,,,34.0,,29.0,24.0,,38.0,,10.0,39.0,2.0,5.0,,,30.0,,35.0,44.0,43.0,13.0,27.0,14.0,20.0,28.0,,,,21.0,18.0,42.0,,,17.0,,,8.0,11.0,37.0,,25.0,,31.0,7.0,,23.0,,15.0,,41.0,22.0,,,33.0,,,,6.0,40.0,,,16.0,,
2024-04-30 00:00:00+00:00,,24.0,,14.0,6.0,23.0,,,8.0,20.0,,,7.0,,,,2.0,,,,,,30.0,,,,3.0,,1.0,19.0,,,17.0,,22.0,29.0,28.0,5.0,25.0,9.0,15.0,,,,,26.0,32.0,,,16.0,13.0,,,18.0,10.0,,,21.0,,,4.0,,,,27.0,,,,,,,,,,31.0,,,,11.0,,12.0
2024-05-31 00:00:00+00:00,,,5.0,11.0,3.0,,,,,,,,,,,,1.0,,,,,,,,,,,,6.0,,,,,,,,,,,,,,,7.0,,,,,,12.0,8.0,,,,,,,,2.0,,9.0,,,,,,,,14.0,,,,,,,,4.0,,,10.0,13.0
2024-06-30 00:00:00+00:00,2.0,,7.0,,1.0,,,,,5.0,,,,14.0,11.0,,4.0,,,,8.0,,,13.0,,9.0,,,10.0,,,,,,,,,6.0,,3.0,,,12.0,16.0,15.0,,,,,,,,,,,,,,17.0,,18.0,,,,,,,,,,,,,,,,19.0,,,,
2024-07-31 00:00:00+00:00,3.0,,16.0,,25.0,,2.0,,,23.0,,,24.0,5.0,19.0,,22.0,,12.0,,9.0,,6.0,27.0,,13.0,,10.0,1.0,26.0,,,,21.0,,8.0,,15.0,,20.0,,,,4.0,,,,,,,,,,,,14.0,,,17.0,,18.0,,,,,,,,,,,,7.0,,,11.0,,,,,
2024-08-31 00:00:00+00:00,14.0,,,,,,4.0,,2.0,19.0,,21.0,,7.0,,,,,,,18.0,,6.0,,,,,20.0,,,,5.0,,,,11.0,,,,,,22.0,,3.0,,,,,,,9.0,,,,15.0,23.0,,,13.0,,10.0,,,1.0,,,,,12.0,,8.0,16.0,17.0,,,,,,,,
2024-09-30 00:00:00+00:00,16.0,,,,,,14.0,,,11.0,,25.0,,2.0,,,,,,,22.0,,9.0,,13.0,,,,,,,8.0,4.0,,21.0,18.0,,,,,19.0,5.0,,17.0,10.0,,,,,,12.0,7.0,6.0,,27.0,26.0,,,24.0,,1.0,,,23.0,28.0,,,,,,20.0,,15.0,,,3.0,,,,,
2024-10-31 00:00:00+00:00,,,,,,,,,,23.0,7.0,,,4.0,19.0,8.0,,,,,,,17.0,,18.0,,,,,,15.0,1.0,11.0,,,,,,,,21.0,5.0,,,10.0,,13.0,,,24.0,16.0,12.0,6.0,,,,,,,,3.0,,9.0,,2.0,,,22.0,,,14.0,,,,,20.0,,,,,
2024-11-30 00:00:00+00:00,,,,8.0,10.0,29.0,1.0,,,,15.0,,3.0,6.0,,25.0,,,22.0,,,,18.0,5.0,,,,,,,26.0,20.0,17.0,14.0,,,,,11.0,,21.0,16.0,,,,,7.0,,,27.0,19.0,23.0,24.0,9.0,,,,,,,,,,,13.0,,4.0,,12.0,,,,,,,28.0,2.0,,,,
2024-12-31 00:00:00+00:00,,,8.0,5.0,14.0,22.0,1.0,,,,16.0,,7.0,31.0,,21.0,,,13.0,,,,19.0,11.0,,,,,,,29.0,23.0,28.0,33.0,,,,,17.0,,27.0,26.0,,,,,4.0,,3.0,,25.0,32.0,24.0,12.0,,20.0,,6.0,,,,,,15.0,10.0,18.0,2.0,,9.0,,,,30.0,,,,,,,,
2025-01-31 00:00:00+00:00,21.0,,2.0,4.0,,,7.0,,,11.0,16.0,,9.0,,,,,,19.0,,,,14.0,,,,,,,,,23.0,26.0,,,,,,17.0,,,,,,,,10.0,,1.0,,,24.0,,,,13.0,,8.0,,,,,18.0,12.0,,25.0,3.0,,15.0,6.0,22.0,,,,,,,,,5.0,20.0
2025-02-28 00:00:00+00:00,,,13.0,15.0,,5.0,14.0,,1.0,,9.0,,12.0,,,,,,,,,,10.0,,,,,,,,,,,,,,,,,,,,,,,,6.0,,2.0,,,,,,,,,,,,,,,,,,4.0,,7.0,3.0,,,,,,,,11.0,,8.0,
2025-03-31 00:00:00+00:00,,,,,,20.0,,,,,18.0,,8.0,,,,,,,,,,7.0,,,,17.0,,,,14.0,2.0,,,,,,13.0,,,5.0,,,9.0,,,11.0,,,1.0,,12.0,,,,,,,19.0,,,,,,,,,,15.0,3.0,,,,4.0,,,10.0,16.0,21.0,6.0,
2025-04-30 00:00:00+00:00,,,,,,,,,,,,,,6.0,,,,,,,12.0,,,,7.0,,,8.0,,,,3.0,,,,,2.0,,,,5.0,,,9.0,11.0,,,,,4.0,,,10.0,,,,,,,,,,,,,,,,,1.0,,,,,,,,,,,
2025-05-31 00:00:00+00:00,,,,,,,,,,,,,,,,,,,,,,,,,4.0,,,,,,,,,,,,2.0,,,,,,,,6.0,,,,,5.0,,,,,,,,,,,,,,,,,,,,1.0,,,3.0,,,,,,,,
2025-06-30 00:00:00+00:00,,1.0,,,,,,,,,,,8.0,,,,,,6.0,,,4.0,,7.0,,,,,,,,,,,,,13.0,,,,,,,,,,,5.0,,,14.0,,,,,,,10.0,,2.0,,,,11.0,12.0,,,,,15.0,,,,,,9.0,,3.0,,,
2025-07-31 00:00:00+00:00,,11.0,15.0,23.0,2.0,7.0,17.0,,5.0,,21.0,,26.0,,,,,,36.0,1.0,,20.0,,35.0,,27.0,8.0,,,12.0,,25.0,,,13.0,,,10.0,31.0,,,37.0,9.0,,,6.0,,24.0,,,34.0,,,,,32.0,29.0,14.0,,3.0,4.0,,,33.0,16.0,18.0,,,,,,,,,19.0,28.0,,22.0,30.0,,
